timestamp,open,high,low,close,volume
2/27/2017,137.14,137.435,136.28,136.93,20257426
2/28/2017,137.08,137.435,136.7,136.99,23482860
3/1/2017,137.89,140.15,137.595,139.79,36414585
3/2/2017,140,140.2786,138.76,138.96,26210984
3/3/2017,138.78,139.83,138.59,139.78,21571121
3/6/2017,139.365,139.77,138.5959,139.34,21750044
3/7/2017,139.06,139.98,138.79,139.52,17446297
3/8/2017,138.95,139.8,138.82,139,18707236
3/9/2017,138.74,138.79,137.05,138.68,22155904
3/10/2017,139.25,139.3571,138.64,139.14,19612801
3/13/2017,138.85,139.43,138.82,139.2,17421717
3/14/2017,139.3,139.65,138.84,138.99,15309065
3/15/2017,139.41,140.7501,139.025,140.46,25691774
3/16/2017,140.72,141.02,140.26,140.69,19231998
3/17/2017,141,141,139.89,139.99,43884952
3/20/2017,140.4,141.5,140.23,141.46,21542038
3/21/2017,142.11,142.8,139.73,139.84,39529912
3/22/2017,139.845,141.6,139.76,141.42,25860165
3/23/2017,141.26,141.5844,140.61,140.92,20346301
3/24/2017,141.5,141.74,140.35,140.64,22395563
3/27/2017,139.39,141.22,138.62,140.88,23575094
3/28/2017,140.91,144.04,140.62,143.8,33374805
3/29/2017,143.68,144.49,143.19,144.12,29189955
3/30/2017,144.19,144.5,143.5,143.93,21207252
3/31/2017,143.72,144.27,143.01,143.66,19661651
4/3/2017,143.71,144.12,143.05,143.7,19985714
4/4/2017,143.25,144.89,143.17,144.77,19891354
4/5/2017,144.22,145.46,143.81,144.02,27717854
4/6/2017,144.29,144.52,143.45,143.66,21149034
4/7/2017,143.73,144.18,143.27,143.34,16658543
4/10/2017,143.6,143.8792,142.9,143.17,18933397
4/11/2017,142.94,143.35,140.06,141.63,30379376
4/12/2017,141.6,142.15,141.01,141.8,20350000
4/13/2017,141.91,142.38,141.05,141.05,17822880
4/17/2017,141.48,141.88,140.87,141.83,16582094
4/18/2017,141.41,142.04,141.11,141.2,14697544
4/19/2017,141.88,142,140.45,140.68,17328375
4/20/2017,141.22,142.92,141.16,142.44,23319562
4/21/2017,142.44,142.68,141.85,142.27,17320928
4/24/2017,143.5,143.95,143.18,143.64,17116599
4/25/2017,143.91,144.9,143.87,144.53,18216472
4/26/2017,144.47,144.6,143.3762,143.68,19614287
4/27/2017,143.9225,144.16,143.31,143.79,13948980
4/28/2017,144.09,144.3,143.27,143.65,20247187
5/1/2017,145.1,147.2,144.96,146.58,32818760
5/2/2017,147.54,148.09,146.84,147.51,39752670
5/3/2017,145.59,147.49,144.27,147.06,45142806
5/4/2017,146.52,147.14,145.81,146.53,23275690
5/5/2017,146.76,148.98,146.76,148.96,26787359
5/8/2017,149.03,153.7,149.03,153.01,48339210
5/9/2017,153.87,154.88,153.45,153.99,35942435
5/10/2017,153.63,153.94,152.11,153.26,25670456
5/11/2017,152.45,154.07,152.31,153.95,25596687
5/12/2017,154.7,156.42,154.67,156.1,32221756
5/15/2017,156.01,156.65,155.05,155.7,25700983
5/16/2017,155.94,156.06,154.72,155.47,19904679
5/17/2017,153.6,154.57,149.71,150.25,49482818
5/18/2017,151.27,153.34,151.13,152.54,33159664
5/19/2017,153.38,153.98,152.63,153.06,26733798
5/22/2017,154,154.58,152.91,153.99,22340069
5/23/2017,154.9,154.9,153.31,153.8,19430358
5/24/2017,153.84,154.17,152.67,153.34,19118319
5/25/2017,153.73,154.35,153.03,153.87,19044463
5/26/2017,154,154.24,153.31,153.61,21632202
5/30/2017,153.42,154.43,153.33,153.67,20034934
5/31/2017,153.97,154.17,152.38,152.76,23162873
6/1/2017,153.17,153.33,152.22,153.18,16180143
6/2/2017,153.58,155.45,152.89,155.45,27285861
6/5/2017,154.34,154.45,153.46,153.93,24803858
6/6/2017,153.9,155.81,153.78,154.45,26249630
6/7/2017,155.02,155.98,154.48,155.37,20678772
6/8/2017,155.25,155.54,154.4,154.99,20771367
6/9/2017,155.19,155.19,146.02,148.98,64882700
6/12/2017,145.74,146.09,142.51,145.42,71563614
6/13/2017,147.16,147.45,145.15,146.59,33749154
6/14/2017,147.5,147.5,143.84,145.16,31224203
6/15/2017,143.32,144.4798,142.21,144.29,31348832
6/16/2017,143.78,144.5,142.2,142.27,49180748
6/19/2017,143.66,146.74,143.66,146.34,31449132
6/20/2017,146.87,146.87,144.94,145.01,24572170
6/21/2017,145.52,146.0693,144.61,145.87,21064679
6/22/2017,145.77,146.7,145.1199,145.63,18673365
6/23/2017,145.13,147.16,145.11,146.28,25997976
6/26/2017,147.17,148.28,145.38,145.82,25524661
6/27/2017,145.01,146.16,143.62,143.73,24423643
6/28/2017,144.49,146.11,143.1601,145.83,21915939
6/29/2017,144.71,145.13,142.28,143.68,31116980
6/30/2017,144.45,144.96,143.78,144.02,22328979
7/3/2017,144.88,145.3,143.1,143.5,14258300
7/5/2017,143.69,144.79,142.7237,144.09,20758795
7/6/2017,143.02,143.5,142.41,142.73,23374374
7/7/2017,142.9,144.75,142.9,144.18,18505351
7/10/2017,144.11,145.95,143.37,145.06,21030466
7/11/2017,144.73,145.85,144.38,145.53,18311156
7/12/2017,145.87,146.18,144.82,145.74,23617964
7/13/2017,145.5,148.49,145.44,147.77,24922788
7/14/2017,147.97,149.33,147.33,149.04,19961788
7/17/2017,148.82,150.9,148.57,149.56,23243713
7/18/2017,149.2,150.13,148.67,150.08,17713795
7/19/2017,150.48,151.42,149.95,151.02,20615419
7/20/2017,151.5,151.74,150.19,150.34,17053326
7/21/2017,149.99,150.44,148.88,150.27,24671002
7/24/2017,150.58,152.44,149.9,152.09,21122730
7/25/2017,151.8,153.84,151.8,152.74,18612649
7/26/2017,153.35,153.93,153.06,153.46,15172136
7/27/2017,153.75,153.99,147.3,150.56,32175875
7/28/2017,149.89,150.23,149.19,149.5,16832947
7/31/2017,149.9,150.33,148.13,148.73,19422655
8/1/2017,149.1,150.22,148.41,150.05,24725526
8/2/2017,159.28,159.75,156.16,157.14,69222793
8/3/2017,157.05,157.21,155.02,155.57,26000738
8/4/2017,156.07,157.4,155.69,156.39,20349532
8/7/2017,157.06,158.92,156.6701,158.81,21870321
8/8/2017,158.6,161.83,158.27,160.08,35775675
8/9/2017,159.26,161.27,159.11,161.06,25640394
8/10/2017,159.9,160,154.63,155.32,39081017
8/11/2017,156.6,158.5728,156.07,157.48,25943187
8/14/2017,159.32,160.21,158.75,159.85,21754810
8/15/2017,160.66,162.195,160.14,161.6,27936774
8/16/2017,161.94,162.51,160.15,160.95,27321761
8/17/2017,160.52,160.71,157.84,157.86,26925694
8/18/2017,157.86,159.5,156.72,157.5,27012525
8/21/2017,157.5,157.89,155.1101,157.21,26145653
8/22/2017,158.23,160,158.02,159.78,21297812
8/23/2017,159.07,160.47,158.88,159.98,19198189
8/24/2017,160.43,160.74,158.55,159.27,19029621
8/25/2017,159.65,160.56,159.27,159.86,25015218
8/28/2017,160.14,162,159.93,161.47,25279674
8/29/2017,160.1,163.12,160,162.91,29307862
8/30/2017,163.8,163.89,162.61,163.35,26973946
8/31/2017,163.64,164.52,163.48,164,26412439
9/1/2017,164.8,164.94,163.63,164.05,16508568
9/5/2017,163.75,164.25,160.56,162.08,29317054
9/6/2017,162.71,162.99,160.52,161.91,21179047
9/7/2017,162.09,162.24,160.36,161.26,21722995
9/8/2017,160.86,161.15,158.53,158.63,28183159
9/11/2017,160.5,162.05,159.89,161.5,31028926
9/12/2017,162.61,163.96,158.77,160.86,71139119
9/13/2017,159.87,159.96,157.91,159.65,44393752
9/14/2017,158.99,159.4,158.09,158.28,23073646
9/15/2017,158.47,160.97,158,159.88,48203642
9/18/2017,160.11,160.5,157.995,158.67,27939718
9/19/2017,159.51,159.77,158.44,158.73,20347352
9/20/2017,157.9,158.26,153.83,156.07,51693239
9/21/2017,155.8,155.8,152.75,153.39,36643382
9/22/2017,152.02,152.27,150.56,151.89,46114424
9/25/2017,149.99,151.83,149.16,150.55,43922334
9/26/2017,151.78,153.92,151.69,153.14,35470985
9/27/2017,153.8,154.7189,153.54,154.23,24959552
9/28/2017,153.89,154.28,152.7,153.28,21896592
9/29/2017,153.21,154.13,152,154.12,25856530
10/2/2017,154.26,154.45,152.72,153.81,18524860
10/3/2017,154.01,155.09,153.91,154.48,16146388
10/4/2017,153.63,153.86,152.46,153.48,19844177
10/5/2017,154.18,155.44,154.05,155.39,21032800
10/6/2017,154.97,155.49,154.56,155.3,16423749
10/9/2017,155.81,156.73,155.485,155.84,16200129
10/10/2017,156.055,158,155.1,155.9,15456331
10/11/2017,155.97,156.98,155.75,156.55,16607693
10/12/2017,156.35,157.37,155.7299,156,16045720
10/13/2017,156.73,157.28,156.41,156.99,16287608
10/16/2017,157.9,160,157.65,159.88,23894630
10/17/2017,159.78,160.87,159.23,160.47,18816438
10/18/2017,160.42,160.71,159.6,159.76,16158659
10/19/2017,156.75,157.08,155.02,155.98,42111326
10/20/2017,156.61,157.75,155.96,156.25,23612246
10/23/2017,156.89,157.69,155.5,156.17,21654461
10/24/2017,156.29,157.42,156.2,157.1,17137731
10/25/2017,156.91,157.55,155.27,156.41,20126554
10/26/2017,157.23,157.8295,156.78,157.41,16751691
10/27/2017,159.29,163.6,158.7,163.05,43904150
10/30/2017,163.89,168.07,163.72,166.72,43923292
10/31/2017,167.9,169.6499,166.94,169.04,35474672
11/1/2017,169.87,169.94,165.61,166.89,33100847
11/2/2017,167.64,168.5,165.28,168.11,32710040
11/3/2017,174,174.26,171.12,172.5,58683826
11/6/2017,172.365,174.99,171.72,174.25,34242566
11/7/2017,173.91,175.25,173.6,174.81,23910914
11/8/2017,174.66,176.24,174.33,176.24,23907639
11/9/2017,175.11,176.095,173.14,175.88,28636531
11/10/2017,175.11,175.38,174.27,174.67,25061183
11/13/2017,173.5,174.5,173.4,173.97,16828025
11/14/2017,173.04,173.48,171.18,171.34,23588451
11/15/2017,169.97,170.3197,168.38,169.08,28702351
11/16/2017,171.18,171.87,170.3,171.1,23497326
11/17/2017,171.04,171.39,169.64,170.15,21665811
11/20/2017,170.29,170.56,169.56,169.98,15974387
11/21/2017,170.78,173.7,170.78,173.14,24875471
11/22/2017,173.36,175,173.05,174.96,24997274
11/24/2017,175.1,175.5,174.6459,174.97,14026519
11/27/2017,175.05,175.08,173.34,174.09,20536313
11/28/2017,174.3,174.87,171.86,173.07,25468442
11/29/2017,172.63,172.92,167.16,169.48,40788324
11/30/2017,170.43,172.14,168.44,171.85,40172368
12/1/2017,169.95,171.67,168.5,171.05,39590080
12/4/2017,172.48,172.62,169.63,169.8,32115052
12/5/2017,169.06,171.52,168.4,169.64,27008428
12/6/2017,167.5,170.2047,166.46,169.01,28224357
12/7/2017,169.03,170.44,168.91,169.32,24469613
12/8/2017,170.49,171,168.82,169.37,23096872
12/11/2017,169.2,172.89,168.79,172.67,33092051
12/12/2017,172.15,172.39,171.461,171.7,18945457
12/13/2017,172.5,173.54,172,172.27,23142242
12/14/2017,172.4,173.13,171.65,172.22,20219307
12/15/2017,173.63,174.17,172.46,173.97,37054632
12/18/2017,174.88,177.2,174.86,176.42,28831533
12/19/2017,175.03,175.39,174.09,174.54,27078872
12/20/2017,174.87,175.42,173.25,174.35,23000392
12/21/2017,174.17,176.02,174.1,175.01,20356826
12/22/2017,174.68,175.42,174.5,175.01,16052615
12/26/2017,170.8,171.47,169.68,170.57,32968167
12/27/2017,170.1,170.78,169.71,170.6,21672062
12/28/2017,171,171.85,170.48,171.08,15997739
12/29/2017,170.52,170.59,169.22,169.23,25643711
1/2/2018,170.16,172.3,169.26,172.26,25048048
1/3/2018,172.53,174.55,171.96,172.23,28819653
1/4/2018,172.54,173.47,172.08,173.03,22211345
1/5/2018,173.44,175.37,173.05,175,23016177
1/8/2018,174.35,175.61,173.93,174.35,20134092
1/9/2018,174.55,175.06,173.41,174.33,21262614
1/10/2018,173.16,174.3,173,174.29,23589129
1/11/2018,174.59,175.49,174.49,175.28,17523256
1/12/2018,176.18,177.36,175.65,177.09,25039531
1/16/2018,177.9,179.39,176.14,176.19,29159005
1/17/2018,176.15,179.25,175.07,179.1,32752734
1/18/2018,179.37,180.1,178.25,179.26,30234512
1/19/2018,178.61,179.58,177.41,178.46,30827809
1/22/2018,177.3,177.78,176.6,177,26023683
1/23/2018,177.3,179.44,176.82,177.04,31702531
1/24/2018,177.25,177.3,173.2,174.22,50562257
1/25/2018,174.51,174.95,170.53,171.11,39661804
1/26/2018,172,172,170.06,171.51,37121805
1/29/2018,170.16,170.16,167.07,167.96,48434424
1/30/2018,165.53,167.37,164.7,166.97,45137026
1/31/2018,166.87,168.44,166.5,167.43,30984099
2/1/2018,167.17,168.62,166.76,167.78,38099665
2/2/2018,166,166.8,160.1,160.5,85436075
2/5/2018,159.1,163.88,156,156.49,66090446
2/6/2018,154.83,163.72,154,163.03,66625484
2/7/2018,163.09,163.4,159.07,159.54,50852130
2/8/2018,160.29,161,155.03,155.15,49594129
2/9/2018,157.07,157.89,150.24,156.41,66723743
2/12/2018,158.5,163.89,157.51,162.71,60560145
2/13/2018,161.95,164.75,161.65,164.34,32104756
2/14/2018,163.04,167.54,162.88,167.37,39669178
2/15/2018,169.79,173.09,169,172.99,50609595
2/16/2018,172.36,174.82,171.77,172.43,39638793
2/20/2018,172.05,174.26,171.42,171.85,33531012
2/21/2018,172.83,174.12,171.01,171.07,35833514
2/22/2018,171.8,173.95,171.71,172.5,30504116
2/23/2018,173.67,175.65,173.54,175.5,33329232
2/26/2018,176.35,179.39,176.21,178.97,36886432
2/27/2018,179.1,180.48,178.16,178.39,38685165
2/28/2018,179.26,180.62,178.05,178.12,33604574
3/1/2018,178.54,179.78,172.66,175,48801970
3/2/2018,172.8,176.3,172.45,176.21,38453950
3/5/2018,175.21,177.74,174.52,176.82,28401366
3/6/2018,177.91,178.25,176.13,176.67,23788506
3/7/2018,174.94,175.85,174.27,175.03,31703462
3/8/2018,175.48,177.12,175.07,176.94,23163767
3/9/2018,177.96,180,177.39,179.98,31385134
3/12/2018,180.29,182.39,180.21,181.72,32055405
3/13/2018,182.59,183.5,179.24,179.97,31168404
3/14/2018,180.32,180.52,177.81,178.44,29075469
3/15/2018,178.5,180.24,178.07,178.65,22584565
3/16/2018,178.65,179.12,177.62,178.02,36836456
3/19/2018,177.32,177.47,173.66,175.3,32804695
3/20/2018,175.24,176.8,174.94,175.24,19314039
3/21/2018,175.04,175.09,171.26,171.27,35247358
3/22/2018,170,172.68,168.6,168.85,41051076
3/23/2018,168.39,169.92,164.94,164.94,40248954
3/26/2018,168.07,173.1,166.44,172.77,36272617
3/27/2018,173.68,175.15,166.92,168.34,38962839
3/28/2018,167.25,170.02,165.19,166.48,41668545
3/29/2018,167.81,171.75,166.9,167.78,38398505
4/2/2018,166.64,168.94,164.47,166.68,37586791
4/3/2018,167.64,168.75,164.88,168.39,30278046
4/4/2018,164.88,172.01,164.77,171.61,34605489
4/5/2018,172.58,174.23,172.08,172.8,26933197
4/6/2018,170.97,172.48,168.2,168.38,35005290
4/9/2018,169.88,173.09,169.85,170.05,29017718
4/10/2018,173,174,171.53,173.25,28614241
4/11/2018,172.23,173.92,171.7,172.44,22431640
4/12/2018,173.41,175,173.04,174.14,22889285
4/13/2018,174.78,175.84,173.85,174.73,25124255
4/16/2018,175.03,176.19,174.83,175.82,21578420
4/17/2018,176.49,178.94,176.41,178.24,26605442
4/18/2018,177.81,178.82,176.88,177.84,20754538
4/19/2018,173.76,175.39,172.66,172.8,34808800
4/20/2018,170.6,171.22,165.43,165.72,65491140
4/23/2018,166.83,166.92,164.09,165.24,36515477
4/24/2018,165.67,166.33,161.22,162.94,33692017
4/25/2018,162.62,165.42,162.41,163.65,28382084
4/26/2018,164.12,165.73,163.37,164.22,27963014
4/27/2018,164,164.33,160.63,162.32,35655839
4/30/2018,162.13,167.26,161.84,165.26,42427424
5/1/2018,166.41,169.2,165.27,169.1,53569376
5/2/2018,175.23,177.75,173.8,176.57,66539371
5/3/2018,175.88,177.5,174.44,176.89,34068180
5/4/2018,178.25,184.25,178.17,183.83,56201317
5/7/2018,185.18,187.67,184.75,185.16,42451423
5/8/2018,184.99,186.22,183.67,186.05,28402777
5/9/2018,186.55,187.4,185.22,187.36,23211241
5/10/2018,187.74,190.37,187.65,190.04,27989289
5/11/2018,189.49,190.06,187.45,188.59,26212221
5/14/2018,189.01,189.53,187.86,188.15,20778772
5/15/2018,186.78,187.07,185.1,186.44,23695159
5/16/2018,186.07,188.46,186,188.18,19183064
5/17/2018,188,188.91,186.36,186.99,17294029
5/18/2018,187.19,187.81,186.13,186.31,18297728
5/21/2018,188,189.27,186.91,187.63,18400787
5/22/2018,188.38,188.88,186.78,187.16,15240704
5/23/2018,186.35,188.5,185.76,188.36,20058415
5/24/2018,188.77,188.84,186.21,188.15,23233975
5/25/2018,188.23,189.65,187.65,188.58,17460963
5/29/2018,187.6,188.75,186.87,187.9,22514075
5/30/2018,187.72,188,186.78,187.5,18690547
5/31/2018,187.22,188.23,186.14,186.87,27482793
6/1/2018,187.99,190.26,187.75,190.24,23442510
6/4/2018,191.64,193.42,191.35,191.83,26266174
6/5/2018,193.07,193.94,192.36,193.31,21565963
6/6/2018,193.63,194.08,191.92,193.98,20933619
6/7/2018,194.14,194.2,192.34,193.46,21347180
6/8/2018,191.17,192,189.77,191.7,26656799
6/11/2018,191.35,191.97,190.21,191.23,18308460
6/12/2018,191.39,192.61,191.15,192.28,16911141
6/13/2018,192.42,192.88,190.44,190.7,21638393
6/14/2018,191.55,191.57,190.22,190.8,21610074
6/15/2018,190.03,190.16,188.26,188.84,61719160
6/18/2018,187.88,189.22,187.2,188.74,18484865
6/19/2018,185.14,186.33,183.45,185.69,33578455
6/20/2018,186.35,187.2,185.73,186.5,20628701
6/21/2018,187.25,188.35,184.94,185.46,25711898
6/22/2018,186.12,186.15,184.7,184.92,27200447
6/25/2018,183.4,184.92,180.73,182.17,31663096
6/26/2018,182.99,186.53,182.54,184.43,24569201
6/27/2018,185.23,187.28,184.03,184.16,25285328
6/28/2018,184.1,186.21,183.8,185.5,17365235
6/29/2018,186.29,187.19,182.91,185.11,22737666
7/2/2018,183.82,187.3,183.42,187.18,17731343
7/3/2018,187.79,187.95,183.54,183.92,13954806
7/5/2018,185.26,186.41,184.28,185.4,16604248
7/6/2018,185.42,188.43,185.2,187.97,17485245
7/9/2018,189.5,190.68,189.3,190.58,19756634
7/10/2018,190.71,191.28,190.18,190.35,15939149
7/11/2018,188.5,189.78,187.61,187.88,18831470
7/12/2018,189.53,191.41,189.31,191.03,18041131
7/13/2018,191.08,191.84,190.9,191.33,12519792
7/16/2018,191.52,192.65,190.42,190.91,15043110
7/17/2018,189.75,191.87,189.2,191.45,15534523
7/18/2018,191.78,191.8,189.93,190.4,16393381
7/19/2018,189.69,192.55,189.69,191.88,20286752
7/20/2018,191.78,192.43,190.17,191.44,20706042
7/23/2018,190.68,191.96,189.56,191.61,15989365
7/24/2018,192.45,193.66,192.05,193,18697898
7/25/2018,193.06,194.85,192.43,194.82,16826483
7/26/2018,194.61,195.96,193.61,194.21,19075964
7/27/2018,194.99,195.19,190.1,190.98,24023972
7/30/2018,191.9,192.2,189.07,189.91,21029535
7/31/2018,190.3,192.14,189.34,190.29,39373038
8/1/2018,199.13,201.76,197.31,201.5,67935716
8/2/2018,200.58,208.38,200.35,207.39,62404012
8/3/2018,207.03,208.74,205.48,207.99,33447396
8/6/2018,208,209.25,207.07,209.07,25425387
8/7/2018,209.32,209.5,206.76,207.11,25587387
8/8/2018,206.05,207.81,204.52,207.25,22525487
8/9/2018,207.28,209.78,207.2,208.88,23492626
8/10/2018,207.36,209.1,206.67,207.53,24611202
8/13/2018,207.7,210.95,207.7,208.87,25890880
8/14/2018,210.16,210.56,208.26,209.75,20748010
8/15/2018,209.22,210.74,208.33,210.24,28807564
8/16/2018,211.75,213.81,211.47,213.32,28500367
8/17/2018,213.44,217.95,213.16,217.58,35426997
8/20/2018,218.1,219.18,215.11,215.46,30287695
8/21/2018,216.8,217.19,214.03,215.04,26159755
8/22/2018,214.1,216.36,213.84,215.05,19018131
8/23/2018,214.65,217.05,214.6,215.49,18883224
8/24/2018,216.6,216.9,215.11,216.16,18476356
8/27/2018,217.15,218.74,216.33,217.94,20525117
8/28/2018,219.01,220.54,218.92,219.7,22776766
8/29/2018,220.15,223.49,219.41,222.98,27254804
8/30/2018,223.25,228.26,222.4,225.03,48793824
8/31/2018,226.51,228.87,226,227.63,43340134
9/4/2018,228.41,229.18,226.63,228.36,27390132
9/5/2018,228.99,229.67,225.1,226.87,33332960
9/6/2018,226.23,227.35,221.3,223.1,34289976
9/7/2018,221.85,225.37,220.71,221.3,37619810
9/10/2018,220.95,221.85,216.47,218.33,39516453
9/11/2018,218.01,224.3,216.56,223.85,35749049
9/12/2018,224.94,225,219.84,221.07,49278740
9/13/2018,223.52,228.35,222.57,226.41,41706377
9/14/2018,225.75,226.84,222.52,223.84,31999289
9/17/2018,222.15,222.95,217.27,217.88,37195133
9/18/2018,217.79,221.85,217.12,218.24,31571712
9/19/2018,218.5,219.62,215.3,218.37,27123833
9/20/2018,220.24,222.28,219.15,220.03,26608794
9/21/2018,220.78,221.36,217.29,217.66,96246748
9/24/2018,216.82,221.26,216.63,220.79,27693358
9/25/2018,219.75,222.82,219.7,222.19,24554379
9/26/2018,221,223.75,219.76,220.42,23984706
9/27/2018,223.82,226.44,223.54,224.95,30181227
9/28/2018,224.79,225.84,224.02,225.74,22929364
10/1/2018,227.95,229.42,226.35,227.26,23600802
10/2/2018,227.25,230,226.63,229.28,24788170
10/3/2018,230.05,233.47,229.78,232.07,28654799
10/4/2018,230.78,232.35,226.73,227.99,32042000
10/5/2018,227.96,228.41,220.58,224.29,33580463
10/8/2018,222.21,224.8,220.2,223.77,29663923
10/9/2018,223.64,227.27,222.25,226.87,26891029
10/10/2018,225.46,226.35,216.05,216.36,41990554
10/11/2018,214.52,219.5,212.32,214.45,53124392
10/12/2018,220.42,222.88,216.84,222.11,40337851
10/15/2018,221.16,221.83,217.27,217.36,30791007
10/16/2018,218.93,222.99,216.76,222.15,29183963
10/17/2018,222.3,222.64,219.34,221.19,22885397
10/18/2018,217.86,219.74,213,216.02,32581315
10/19/2018,218.06,221.26,217.43,219.31,33078726
10/22/2018,219.79,223.36,218.94,220.65,28792082
10/23/2018,215.83,223.25,214.7,222.73,38767846
10/24/2018,222.6,224.23,214.54,215.09,40925163
10/25/2018,217.71,221.38,216.75,219.8,29855768
10/26/2018,215.9,220.19,212.67,216.3,47258375
10/29/2018,219.19,219.69,206.09,212.24,45935520
10/30/2018,211.15,215.18,209.27,213.3,36659990
10/31/2018,216.88,220.45,216.62,218.86,38358933
11/1/2018,219.05,222.36,216.81,222.22,58323180
11/2/2018,209.55,213.65,205.43,207.48,91328654
11/5/2018,204.3,204.39,198.17,201.59,66163669
11/6/2018,201.92,204.72,201.69,203.77,31882881
11/7/2018,205.97,210.06,204.13,209.95,33424434
11/8/2018,209.98,210.12,206.75,208.49,25362636
11/9/2018,205.55,206.01,202.25,204.47,34365750
11/12/2018,199,199.85,193.79,194.17,51135518
11/13/2018,191.63,197.18,191.45,192.23,46882936
11/14/2018,193.9,194.48,185.93,186.8,60800957
11/15/2018,188.39,191.97,186.9,191.41,46478801
11/16/2018,190.5,194.97,189.46,193.53,36928253
11/19/2018,190,190.7,184.99,185.86,41920872
11/20/2018,178.37,181.47,175.51,176.98,67825247
11/21/2018,179.73,180.27,176.55,176.78,31124210
11/23/2018,174.94,176.595,172.1,172.29,23623972
11/26/2018,174.24,174.95,170.26,174.62,44998520
11/27/2018,171.51,174.77,170.88,174.24,41387377
11/28/2018,176.73,181.29,174.93,180.94,46062539
11/29/2018,182.66,182.8,177.7,179.55,41769992
11/30/2018,180.29,180.33,177.03,178.58,39531549
12/3/2018,184.46,184.94,181.21,184.82,40798002
12/4/2018,180.95,182.39,176.27,176.69,41344282
12/6/2018,171.76,174.78,170.42,174.72,43098410
12/7/2018,173.49,174.49,168.3,168.49,42281631
12/10/2018,165,170.09,163.33,169.6,62025994
12/11/2018,171.66,171.79,167,168.63,47281665
12/12/2018,170.4,171.92,169.02,169.1,35627674
12/13/2018,170.49,172.57,169.55,170.95,31897827
12/14/2018,169,169.08,165.28,165.48,40703710
12/17/2018,165.45,168.35,162.73,163.94,44287922
12/18/2018,165.38,167.53,164.39,166.07,33841518
12/19/2018,166,167.45,159.09,160.89,49047297
12/20/2018,160.4,162.11,155.3,156.83,64772960
12/21/2018,156.86,158.16,149.63,150.73,95744384
12/24/2018,148.15,151.55,146.59,146.83,37169232
12/26/2018,148.3,157.23,146.72,157.17,58582544
12/27/2018,155.84,156.77,150.07,156.15,53117065
12/28/2018,157.5,158.52,154.55,156.23,42291424
12/31/2018,158.53,159.36,156.48,157.74,35003466
1/2/2019,154.89,158.85,154.23,157.92,37039737
1/3/2019,143.98,145.72,142,142.19,91312195
1/4/2019,144.53,148.55,143.8,148.26,58607070
1/7/2019,148.7,148.83,145.9,147.93,54777764
1/8/2019,149.56,151.82,148.52,150.75,41025314
1/9/2019,151.29,154.53,149.63,153.31,45099081
1/10/2019,152.5,153.97,150.86,153.8,35780670
1/11/2019,152.88,153.7,151.51,152.29,27023241
1/14/2019,150.85,151.27,149.22,150,32439186
1/15/2019,150.27,153.39,150.05,153.07,28710324
1/16/2019,153.08,155.88,153,154.94,30569706
1/17/2019,154.2,157.66,153.26,155.86,29821160
1/18/2019,157.5,157.88,155.98,156.82,33751023
1/22/2019,156.41,156.73,152.62,153.3,30393970
1/23/2019,154.15,155.14,151.7,153.92,23130570
1/24/2019,154.11,154.48,151.74,152.7,25441549
1/25/2019,155.48,158.13,154.32,157.76,33547893
1/28/2019,155.79,156.33,153.66,156.3,26192058
1/29/2019,156.25,158.13,154.11,154.68,41587239
1/30/2019,163.25,166.15,160.23,165.25,61109780
1/31/2019,166.11,169,164.56,166.44,40739649
2/1/2019,166.96,168.98,165.93,166.52,32668138
2/4/2019,167.41,171.66,167.28,171.25,31495582
2/5/2019,172.86,175.08,172.35,174.18,36101628
2/6/2019,174.65,175.57,172.85,174.24,28239591
2/7/2019,172.4,173.94,170.34,170.94,31741690
2/8/2019,168.99,170.66,168.42,170.41,23819966
2/11/2019,171.05,171.21,169.25,169.43,20993425
2/12/2019,170.1,171,169.7,170.89,22283523
2/13/2019,171.39,172.48,169.92,170.18,22490233
2/14/2019,169.71,171.26,169.38,170.8,21835747
2/15/2019,171.25,171.7,169.75,170.42,24626814
2/19/2019,169.71,171.44,169.49,170.93,18972826
2/20/2019,171.19,173.32,170.99,172.03,26114362
2/21/2019,171.8,172.37,170.3,171.06,17249670
2/22/2019,171.58,173,171.38,172.97,18913154
2/25/2019,174.16,175.87,173.95,174.23,21873358
2/26/2019,173.71,175.3,173.17,174.33,17070211
2/27/2019,173.21,175,172.73,174.87,27835389
2/28/2019,174.32,174.91,172.92,173.15,28215416
3/1/2019,174.28,175.15,172.89,174.97,25886167
3/4/2019,175.69,177.75,173.97,175.85,27436203
3/5/2019,175.94,176,174.54,175.53,19737419
3/6/2019,174.67,175.49,173.94,174.52,20810384
3/7/2019,173.87,174.44,172.02,172.5,24796374
3/8/2019,170.32,173.07,169.5,172.91,23999358
3/11/2019,175.49,179.12,175.35,178.9,32011034
3/12/2019,180,182.67,179.37,180.91,32467584
3/13/2019,182.25,183.3,180.92,181.71,31032524
3/14/2019,183.9,184.1,182.56,183.73,23579508
3/15/2019,184.85,187.33,183.74,186.12,39042912
3/18/2019,185.8,188.39,185.79,188.02,26219832
3/19/2019,188.35,188.99,185.92,186.53,31646369
3/20/2019,186.23,189.49,184.73,188.16,31035231
3/21/2019,190.02,196.33,189.81,195.09,51034237
3/22/2019,195.34,197.69,190.78,191.05,42407666
3/25/2019,191.51,191.98,186.6,188.74,43845293
3/26/2019,191.66,192.88,184.58,186.79,49800538
3/27/2019,188.75,189.76,186.55,188.47,29848427
3/28/2019,188.95,189.56,187.53,188.72,20780363
3/29/2019,189.83,190.08,188.54,189.95,23563961
4/1/2019,191.64,191.68,188.38,191.24,27861964
4/2/2019,191.09,194.46,191.05,194.02,22765732
4/3/2019,193.25,196.5,193.15,195.35,23271830
4/4/2019,194.79,196.37,193.14,195.69,19114275
4/5/2019,196.45,197.1,195.93,197,18526644
4/8/2019,196.42,200.23,196.34,200.1,25881697
4/9/2019,200.32,202.85,199.23,199.5,35768237
4/10/2019,198.68,200.74,198.18,200.62,21695288
4/11/2019,200.85,201,198.44,198.95,20900808
4/12/2019,199.2,200.14,196.21,198.87,27760668
4/15/2019,198.58,199.85,198.01,199.23,17536646
4/16/2019,199.46,201.37,198.56,199.25,25696385
4/17/2019,199.54,203.38,198.61,203.13,28906780
4/18/2019,203.12,204.15,202.52,203.86,24195766
4/22/2019,202.83,204.94,202.34,204.53,19439545
4/23/2019,204.43,207.75,203.9,207.48,23322991
4/24/2019,207.36,208.48,207.05,207.16,17540609
4/25/2019,206.83,207.76,205.12,205.28,18543206
4/26/2019,204.9,205,202.12,204.3,18649102
4/29/2019,204.4,205.97,203.86,204.61,22204716
4/30/2019,203.06,203.4,199.11,200.67,46534923
5/1/2019,209.88,215.31,209.23,210.52,64827328
5/2/2019,209.84,212.65,208.13,209.15,31996324
5/3/2019,210.89,211.84,210.23,211.75,20892378
5/6/2019,204.29,208.84,203.5,208.48,32443113
5/7/2019,205.88,207.42,200.83,202.86,38763698
5/8/2019,201.9,205.34,201.75,202.9,26339504
5/9/2019,200.4,201.68,196.66,200.72,34908607
5/10/2019,197.42,198.85,192.77,197.18,41208712
5/13/2019,187.71,189.48,182.85,185.72,57430623
5/14/2019,186.41,189.7,185.41,188.66,36529677
5/15/2019,186.27,191.75,186.02,190.92,26544718
5/16/2019,189.91,192.47,188.84,190.08,33031364
5/17/2019,186.93,190.9,186.76,189,32879090
5/20/2019,183.52,184.35,180.28,183.09,38612290
5/21/2019,185.22,188,184.7,186.6,28364848
5/22/2019,184.66,185.71,182.55,182.78,29748556
5/23/2019,179.8,180.54,177.81,179.66,36529736
5/24/2019,180.2,182.14,178.62,178.97,23714686
5/28/2019,178.92,180.59,177.91,178.23,27948160
5/29/2019,176.42,179.35,176,177.38,28481165
5/30/2019,177.95,179.23,176.67,178.3,21218412
5/31/2019,176.23,177.99,174.99,175.07,27043584
6/3/2019,175.6,177.92,170.27,173.3,40396069
6/4/2019,175.44,179.83,174.52,179.64,30967961
6/5/2019,184.28,184.99,181.14,182.54,29773427
6/6/2019,183.08,185.47,182.15,185.22,22526311
6/7/2019,186.51,191.92,185.77,190.15,30684393
6/10/2019,191.81,195.37,191.62,192.58,26220851
6/11/2019,194.86,196,193.6,194.81,26932882
6/12/2019,193.95,195.97,193.39,194.19,18253189
6/13/2019,194.7,196.79,193.6,194.15,21674625
6/14/2019,191.55,193.59,190.3,192.74,18761474
6/17/2019,192.9,194.96,192.17,193.89,14669144
6/18/2019,196.05,200.29,195.21,198.45,26551004
6/19/2019,199.68,199.88,197.31,197.87,21124235
6/20/2019,200.37,200.61,198.03,199.46,21513988
6/21/2019,198.8,200.85,198.15,198.78,47800589
6/24/2019,198.54,200.16,198.17,198.58,18220421
6/25/2019,198.43,199.26,195.29,195.57,21070334
6/26/2019,197.77,200.99,197.35,199.8,26067512
6/27/2019,200.29,201.57,199.57,199.74,20899717
6/28/2019,198.68,199.5,197.05,197.92,31110642
7/1/2019,203.17,204.49,200.65,201.55,27316739
7/2/2019,201.41,203.13,201.36,202.73,16935217
7/3/2019,203.28,204.44,202.69,204.41,11362045
7/5/2019,203.35,205.08,202.9,204.23,17265518
7/8/2019,200.81,201.4,198.41,200.02,25338628
7/9/2019,199.2,201.51,198.81,201.24,20578015
7/10/2019,201.85,203.73,201.56,203.23,17897138
7/11/2019,203.31,204.39,201.71,201.75,20191842
7/12/2019,202.45,204,202.2,203.3,17595212
7/15/2019,204.09,205.87,204,205.21,16947420
7/16/2019,204.59,206.11,203.5,204.5,16866816
7/17/2019,204.05,205.09,203.27,203.35,14107450
7/18/2019,204,205.88,203.7,205.66,18582161
7/19/2019,205.79,206.5,202.36,202.59,20929307
7/22/2019,203.65,207.23,203.61,207.22,22277932
7/23/2019,208.46,208.91,207.29,208.84,18355210
7/24/2019,207.67,209.15,207.17,208.67,14991567
7/25/2019,208.89,209.24,206.73,207.02,13909535
7/26/2019,207.48,209.73,207.14,207.74,17618874
7/29/2019,208.46,210.64,208.44,209.68,21673389
7/30/2019,208.76,210.16,207.31,208.78,33935718
7/31/2019,216.42,221.37,211.3,213.04,69281361
8/1/2019,213.9,218.03,206.74,208.43,54017922
8/2/2019,205.53,206.43,201.63,204.02,40862122
8/5/2019,197.99,198.65,192.58,193.34,52392969
8/6/2019,196.31,198.07,194.04,197,35824787
8/7/2019,195.41,199.56,193.82,199.04,33364400
8/8/2019,200.2,203.53,199.39,203.43,27009523
8/9/2019,201.3,202.76,199.29,200.99,24619746
8/12/2019,199.62,202.05,199.15,200.48,22481889
8/13/2019,201.02,212.14,200.48,208.97,47539786
8/14/2019,203.16,206.44,202.59,202.75,36547443
8/15/2019,203.46,205.14,199.67,201.74,27883363
8/16/2019,204.28,207.16,203.84,206.5,28813624
8/19/2019,210.62,212.73,210.03,210.35,24431915
8/20/2019,210.88,213.35,210.32,210.36,26919529
8/21/2019,212.99,213.65,211.6,212.64,21564747
8/22/2019,213.19,214.44,210.75,212.46,22267819
8/23/2019,209.43,212.05,201,202.64,46882843
8/26/2019,205.86,207.19,205.06,206.49,26066130
8/27/2019,207.86,208.55,203.53,204.16,25897344
8/28/2019,204.1,205.72,203.32,205.53,15957632
8/29/2019,208.5,209.32,206.66,209.01,21007652
8/30/2019,210.16,210.45,207.2,208.74,21162561
9/3/2019,206.43,206.98,204.22,205.7,20059574
9/4/2019,208.39,209.48,207.32,209.19,19216820
9/5/2019,212,213.97,211.51,213.28,23946984
9/6/2019,214.05,214.42,212.51,213.26,19362294
9/9/2019,214.84,216.44,211.07,214.17,27309401
9/10/2019,213.86,216.78,211.71,216.7,31777931
9/11/2019,218.07,223.71,217.73,223.59,44289646
9/12/2019,224.8,226.42,222.86,223.09,32226669
9/13/2019,220,220.79,217.02,218.75,39763296
9/16/2019,217.73,220.13,217.56,219.9,21158141
9/17/2019,219.96,220.82,219.12,220.7,18386468
9/18/2019,221.06,222.85,219.44,222.77,25643093
9/19/2019,222.01,223.76,220.37,220.96,22187876
9/20/2019,221.38,222.56,217.47,217.73,57977094
9/23/2019,218.95,219.84,217.65,218.72,19419648
9/24/2019,221.03,222.49,217.19,217.68,31434367
9/25/2019,218.55,221.5,217.14,221.03,22481006
9/26/2019,220,220.94,218.83,219.89,19088312
9/27/2019,220.54,220.96,217.28,218.82,25361285
9/30/2019,220.9,224.58,220.79,223.97,26318583
10/1/2019,225.07,228.22,224.2,224.59,36187163
10/2/2019,223.06,223.58,217.93,218.96,35767257
10/3/2019,218.43,220.96,215.13,220.82,30352686
10/4/2019,225.64,227.49,223.89,227.01,34755553
10/7/2019,226.27,229.93,225.84,227.06,30889269
10/8/2019,225.82,228.06,224.33,224.4,29282700
10/9/2019,227.03,227.79,225.64,227.03,19029424
10/10/2019,227.93,230.44,227.3,230.09,28962984
10/11/2019,232.95,237.64,232.31,236.21,41990210
10/14/2019,234.9,238.13,234.67,235.87,24413484
10/15/2019,236.39,237.65,234.88,235.32,23040483
10/16/2019,233.37,235.24,233.2,234.37,19286694
10/17/2019,235.09,236.15,233.52,235.28,17272897
10/18/2019,234.59,237.58,234.29,236.41,24248023
10/21/2019,237.52,240.99,237.32,240.51,21811567
10/22/2019,241.16,242.2,239.62,239.96,22684001
10/23/2019,242.1,243.24,241.22,243.18,19932545
10/24/2019,244.51,244.8,241.81,243.58,17916255
10/25/2019,243.16,246.73,242.88,246.58,18369296
10/28/2019,247.42,249.25,246.72,249.05,23655368
10/29/2019,248.97,249.75,242.57,243.29,35709867
10/30/2019,244.76,245.3,241.21,243.26,31130522
10/31/2019,247.24,249.17,237.26,248.76,34790520
11/1/2019,249.54,255.93,249.16,255.82,37781334
11/4/2019,257.33,257.85,255.38,257.5,25817952
11/5/2019,257.05,258.19,256.32,257.13,19974427
11/6/2019,256.77,257.49,255.37,257.24,18966124
11/7/2019,258.74,260.35,258.11,259.43,23735083
11/8/2019,258.69,260.44,256.85,260.14,17520495
11/11/2019,258.3,262.47,258.28,262.2,20507459
11/12/2019,261.55,262.79,260.92,261.96,21847226
11/13/2019,261.13,264.78,261.07,264.47,25817593
11/14/2019,263.75,264.88,262.1,262.64,22395556
11/15/2019,263.68,265.78,263.01,265.76,25093666
11/18/2019,265.8,267.43,264.23,267.1,21700897
11/19/2019,267.9,268,265.39,266.29,19069597
11/20/2019,265.54,266.08,260.4,263.19,26609919
11/21/2019,263.69,264.01,261.18,262.01,30348778
11/22/2019,262.59,263.18,260.84,261.78,16331263
11/25/2019,262.71,266.44,262.52,266.37,21029517
11/26/2019,266.94,267.16,262.5,264.29,26334882
11/27/2019,265.58,267.98,265.31,267.84,16386122
11/29/2019,266.6,268,265.9,267.25,11654363
12/2/2019,267.27,268.25,263.45,264.16,23693550
12/3/2019,258.31,259.53,256.29,259.45,29377268
12/4/2019,261.07,263.31,260.68,261.74,16810388
12/5/2019,263.79,265.89,262.73,265.58,18661343
12/6/2019,267.48,271,267.3,270.71,26547493
12/9/2019,270,270.8,264.91,266.92,32182645
12/10/2019,268.6,270.07,265.86,268.48,22632383
12/11/2019,268.81,271.1,268.5,270.77,19723391
12/12/2019,267.78,272.56,267.32,271.46,34437042
12/13/2019,271.46,275.3,270.93,275.15,33432806
12/16/2019,277,280.79,276.98,279.86,32081105
12/17/2019,279.57,281.77,278.8,280.41,28575798
12/18/2019,279.8,281.9,279.12,279.74,29024687
12/19/2019,279.5,281.18,278.95,280.02,24626947
12/20/2019,282.23,282.65,278.56,279.44,69032743
12/23/2019,280.53,284.25,280.37,284,24677883
12/24/2019,284.69,284.89,282.92,284.27,12119714
12/26/2019,284.82,289.98,284.7,289.91,23334004
12/27/2019,291.12,293.97,288.12,289.8,36592936
12/30/2019,289.46,292.69,285.22,291.52,36059614
12/31/2019,289.93,293.68,289.52,293.65,25247625
1/2/2020,296.24,300.6,295.19,300.35,33911864
1/3/2020,297.15,300.58,296.5,297.43,36633878
1/6/2020,293.79,299.96,292.75,299.8,29644644
1/7/2020,299.84,300.9,297.48,298.39,27877655
1/8/2020,297.16,304.44,297.16,303.19,33090946
1/9/2020,307.24,310.43,306.2,309.63,42621542
1/10/2020,310.6,312.67,308.25,310.33,35217272
1/13/2020,311.64,317.07,311.15,316.96,30028742
1/14/2020,316.7,317.57,312.17,312.68,40653457
1/15/2020,311.85,315.5,309.55,311.34,30480882
1/16/2020,313.59,315.7,312.09,315.24,27207254
1/17/2020,316.27,318.74,315,318.73,34454117
1/21/2020,317.19,319.02,316,316.57,27235039
1/22/2020,318.58,319.99,317.31,317.7,25458115
1/23/2020,317.92,319.56,315.65,319.23,26117993
1/24/2020,320.25,323.33,317.52,318.31,36634380
1/27/2020,310.06,311.77,304.88,308.95,40485005
1/28/2020,312.6,318.4,312.19,317.69,40558486
1/29/2020,324.45,327.85,321.38,324.34,54149928
1/30/2020,320.54,324.09,318.75,323.87,31685808
1/31/2020,320.93,322.68,308.29,309.51,49897096
2/3/2020,304.3,313.49,302.22,308.66,43496401
2/4/2020,315.31,319.64,313.63,318.85,34154134
2/5/2020,323.52,324.76,318.95,321.45,29706718
2/6/2020,322.57,325.22,320.26,325.21,26356385
2/7/2020,322.37,323.4,318,320.03,29421012
2/10/2020,314.18,321.55,313.85,321.55,27337215
2/11/2020,323.6,323.9,318.71,319.61,23580780
2/12/2020,321.47,327.22,321.47,327.2,28432573
2/13/2020,324.19,326.22,323.35,324.87,23686892
2/14/2020,324.74,325.98,322.85,324.95,20028447
2/18/2020,315.36,319.75,314.61,319,38190545
2/19/2020,320,324.57,320,323.62,23495991
2/20/2020,322.63,324.65,318.21,320.3,25141489
2/21/2020,318.62,320.45,310.5,313.05,32426415
2/24/2020,297.26,304.18,289.23,298.18,55548828
2/25/2020,300.95,302.53,286.13,288.08,57668364
2/26/2020,286.53,297.88,286.5,292.65,49678431
2/27/2020,281.1,286,272.96,273.52,80151381
2/28/2020,257.26,278.41,256.37,273.36,106721230
3/2/2020,282.28,301.44,277.72,298.81,85349339
3/3/2020,303.67,304,285.8,289.32,79868852
3/4/2020,296.44,303.4,293.13,302.74,54794568
3/5/2020,295.52,299.55,291.41,292.92,46893219
3/6/2020,282,290.82,281.23,289.03,56544246
3/9/2020,263.75,278.09,263,266.17,71686208
3/10/2020,277.14,286.44,269.37,285.34,71322520
3/11/2020,277.39,281.22,271.86,275.43,64094970
3/12/2020,255.94,270,248,248.23,104618517
3/13/2020,264.89,279.92,252.95,277.97,92683032
3/16/2020,241.95,259.08,240,242.21,80605865
3/17/2020,247.51,257.61,238.4,252.86,81013965
3/18/2020,239.77,250,237.12,246.67,75058406
3/19/2020,247.39,252.84,242.61,244.78,67964255
3/20/2020,247.18,251.83,228,229.24,100423346
3/23/2020,228.08,228.5,212.61,224.37,84188208
3/24/2020,236.36,247.69,234.3,246.88,71882773
3/25/2020,250.75,258.25,244.3,245.52,75900510
3/26/2020,246.52,258.68,246.36,258.44,63140169
3/27/2020,252.75,255.87,247.05,247.74,51054153
3/30/2020,250.74,255.52,249.4,254.81,41994110
3/31/2020,255.6,262.49,252,254.29,49250501
4/1/2020,246.5,248.72,239.13,240.91,44054638
4/2/2020,240.34,245.15,236.9,244.93,41483493
4/3/2020,242.8,245.7,238.97,241.41,32470017
4/6/2020,250.9,263.11,249.38,262.47,50455071
4/7/2020,270.8,271.7,259,259.43,50721831
4/8/2020,262.74,267.37,261.23,266.07,42223821
4/9/2020,268.7,270.07,264.7,267.99,40529123
4/13/2020,268.31,273.7,265.83,273.25,32755731
4/14/2020,280,288.25,278.05,287.05,48748672
4/15/2020,282.4,286.33,280.63,284.43,32788641
4/16/2020,287.38,288.2,282.35,286.69,39281290
4/17/2020,284.69,286.95,276.86,282.8,53812478
4/20/2020,277.95,281.68,276.85,276.93,32503750
4/21/2020,276.28,277.25,265.43,268.37,45247893
4/22/2020,273.61,277.9,272.2,276.1,29264342
4/23/2020,275.87,281.75,274.87,275.03,31203582
4/24/2020,277.2,283.01,277,282.97,31627183
4/27/2020,281.8,284.54,279.95,283.17,29271893
4/28/2020,285.08,285.83,278.2,278.58,28001187
4/29/2020,284.73,289.67,283.89,287.73,34320204
4/30/2020,289.96,294.53,288.35,293.8,45765968
5/1/2020,286.25,299,285.85,289.07,60154175
5/4/2020,289.17,293.69,286.32,293.16,33391986
5/5/2020,295.06,301,294.46,297.56,36937795
5/6/2020,300.46,303.24,298.87,300.63,35583438
5/7/2020,303.22,305.17,301.97,303.74,28803764
5/8/2020,305.64,310.35,304.29,310.13,33511985
5/11/2020,308.1,317.05,307.24,315.01,36486561
5/12/2020,317.83,319.69,310.91,311.41,40575263
5/13/2020,312.15,315.95,303.21,307.65,50155639
5/14/2020,304.51,309.79,301.53,309.54,39732269
5/15/2020,300.35,307.9,300.21,307.71,41587094
5/18/2020,313.17,316.5,310.32,314.96,33843125
5/19/2020,315.03,318.52,313.01,313.14,25432385
5/20/2020,316.68,319.52,316.52,319.23,27876215
5/21/2020,318.66,320.89,315.87,316.85,25672211
5/22/2020,315.77,319.23,315.35,318.89,20450754
5/26/2020,323.5,324.24,316.5,316.73,31380454
5/27/2020,316.14,318.71,313.09,318.11,28236274
5/28/2020,316.77,323.44,315.63,318.25,33449103
5/29/2020,319.25,321.15,316.47,317.94,38399532
6/1/2020,317.75,322.35,317.21,321.85,20254653
6/2/2020,320.75,323.44,318.93,323.34,21910704
6/3/2020,324.66,326.2,322.3,325.12,26122804
6/4/2020,324.39,325.62,320.78,322.32,21890091
6/5/2020,323.35,331.75,323.23,331.5,34312550
6/8/2020,330.25,333.6,327.32,333.46,23913634
6/9/2020,332.14,345.61,332.01,343.99,36928091
6/10/2020,347.9,354.77,346.09,352.84,41662938
6/11/2020,349.31,351.06,335.48,335.9,50415613
6/12/2020,344.72,347.8,334.22,338.8,50036513
6/15/2020,333.25,345.68,332.58,342.99,34702230
6/16/2020,351.46,353.2,344.72,352.08,41357182
6/17/2020,355.15,355.4,351.09,351.59,28601626
6/18/2020,351.41,353.45,349.22,351.73,24205096
6/19/2020,354.64,356.56,345.15,349.72,66118952
6/22/2020,351.34,359.46,351.15,358.87,33861316
6/23/2020,364,372.38,362.27,366.53,53038869
6/24/2020,365,368.79,358.52,360.06,48155849
6/25/2020,360.7,365,357.57,364.84,34380628
6/26/2020,364.41,365.32,353.02,353.63,51314211
6/29/2020,353.25,362.1736,351.28,361.78,32661519
6/30/2020,360.08,365.98,360,364.8,35055821
7/1/2020,365.12,367.36,363.91,364.11,27690454
7/2/2020,367.85,370.47,363.64,364.11,28814516
7/6/2020,370,375.78,369.87,373.85,29745936
7/7/2020,375.41,378.62,372.23,372.69,28206999
7/8/2020,376.72,381.5,376.36,381.37,29274479
7/9/2020,385.05,385.27,378.69,383.01,31420357
7/10/2020,381.34,383.92,378.82,383.68,22564330
7/13/2020,389.06,399.82,381.03,381.91,47913079
7/14/2020,379.36,389.02,375.51,388.23,42748119
7/15/2020,395.96,396.99,385.96,390.9,38306874
7/16/2020,386.25,389.62,383.62,386.09,27645927
7/17/2020,387.95,388.59,383.36,385.31,23046755
7/20/2020,385.67,394,384.25,393.43,22397208
7/21/2020,396.69,397,386.97,388,25627347
7/22/2020,386.77,391.9,386.41,389.09,22250413
7/23/2020,387.9935,388.31,368.039,371.38,49251108
7/24/2020,363.95,371.88,356.58,370.46,46359716
7/27/2020,374.84,379.62,373.92,379.24,30303548
7/28/2020,377.47,378.1986,372.99,373.01,25906375
7/29/2020,375,380.92,374.85,380.16,22582314
7/30/2020,376.75,385.19,375.07,384.76,39532505
7/31/2020,411.535,425.66,403.3,425.04,93573867
8/3/2020,432.8,446.5457,431.57,435.75,77037847
8/4/2020,436.53,443.16,433.55,438.66,43198092
8/5/2020,437.51,441.57,435.59,440.25,30497988
8/6/2020,441.62,457.65,439.19,455.61,50607225
8/7/2020,452.82,454.7,441.17,444.45,49511403
8/10/2020,450.4,455.1,440,450.91,53100856
8/11/2020,447.875,449.93,436.4267,437.5,46975594
8/12/2020,441.99,453.1,441.19,452.04,41486205
8/13/2020,457.72,464.17,455.71,460.04,52520516
8/14/2020,459.315,460,452.18,459.63,41391302
8/17/2020,464.25,464.35,455.8501,458.43,29431414
8/18/2020,457.41,464,456.03,462.25,26408385
8/19/2020,463.933,468.65,462.44,462.83,36384502
8/20/2020,463,473.568,462.9335,473.1,31726797
8/21/2020,477.05,499.472,477,497.48,84513660
8/24/2020,514.79,515.14,495.745,503.43,86484442
8/25/2020,498.79,500.7172,492.21,499.3,52873947
8/26/2020,504.7165,507.97,500.33,506.09,40755567
8/27/2020,508.57,509.94,495.33,500.04,38888096
8/28/2020,504.05,505.77,498.31,499.23,46907479
8/31/2020,127.58,131,126,129.04,223505733
9/1/2020,132.76,134.8,130.53,134.18,152470142
9/2/2020,137.59,137.98,127,131.4,200118991
9/3/2020,126.91,128.84,120.5,120.88,257599640
9/4/2020,120.07,123.7,110.89,120.96,332607163
9/8/2020,113.95,118.99,112.68,112.82,231366563
9/9/2020,117.26,119.14,115.26,117.32,176940455
9/10/2020,120.36,120.5,112.5,113.49,182274391
9/11/2020,114.57,115.23,110,112,180860325
9/14/2020,114.72,115.93,112.8,115.355,140150087
9/15/2020,118.33,118.829,113.61,115.54,184642039
9/16/2020,115.23,116,112.04,112.13,155026675
9/17/2020,109.72,112.2,108.71,110.34,178010968
9/18/2020,110.4,110.88,106.09,106.84,287104882
9/21/2020,104.54,110.19,103.1,110.08,195713815
9/22/2020,112.68,112.86,109.16,111.81,183055373
9/23/2020,111.62,112.11,106.77,107.12,150718671
9/24/2020,105.17,110.25,105,108.22,167743349
9/25/2020,108.43,112.44,107.67,112.28,149981441
9/28/2020,115.01,115.32,112.78,114.96,137672403
9/29/2020,114.55,115.31,113.57,114.09,100060526
9/30/2020,113.79,117.26,113.62,115.81,142675184
10/1/2020,117.64,117.72,115.83,116.79,116120440
10/2/2020,112.89,115.37,112.22,113.02,144711986
10/5/2020,113.91,116.65,113.55,116.5,106243839
10/6/2020,115.7,116.12,112.25,113.16,161498212
10/7/2020,114.62,115.55,114.13,115.08,96848985
10/8/2020,116.25,116.4,114.5901,114.97,83477153
10/9/2020,115.28,117,114.92,116.97,100506865
10/12/2020,120.06,125.18,119.2845,124.4,240226769
10/13/2020,125.27,125.39,119.65,121.1,262330451
10/14/2020,121,123.03,119.62,121.19,151062308
10/15/2020,118.72,121.2,118.15,120.71,112559219
10/16/2020,121.28,121.548,118.81,119.02,115393808
10/19/2020,119.96,120.419,115.66,115.98,120639337
10/20/2020,116.2,118.98,115.63,117.51,124423728
10/21/2020,116.67,118.705,116.45,116.87,89945980
10/22/2020,117.45,118.04,114.59,115.75,101987954
10/23/2020,116.39,116.55,114.28,115.04,82572645
10/26/2020,114.01,116.55,112.88,115.05,111850657
10/27/2020,115.49,117.28,114.5399,116.6,92276772
10/28/2020,115.05,115.43,111.1,111.2,143937823
10/29/2020,112.37,116.93,112.2,115.32,146129173
10/30/2020,111.06,111.99,107.72,108.86,190573476
11/2/2020,109.11,110.68,107.32,108.77,122866899
11/3/2020,109.66,111.49,108.73,110.44,107624448
11/4/2020,114.14,115.59,112.35,114.95,138235482
11/5/2020,117.95,119.62,116.8686,119.03,126387074
11/6/2020,118.32,119.2,116.13,118.69,114457922
11/9/2020,120.5,121.99,116.05,116.32,154515315
11/10/2020,115.55,117.59,114.13,115.97,138023390
11/11/2020,117.19,119.63,116.44,119.49,112294954
11/12/2020,119.62,120.53,118.57,119.21,103350674
11/13/2020,119.44,119.6717,117.87,119.26,81688586
11/16/2020,118.92,120.99,118.146,120.3,91183018
11/17/2020,119.55,120.6741,118.96,119.39,74270973
11/18/2020,118.61,119.82,118,118.03,76322111
11/19/2020,117.59,119.06,116.81,118.64,74112972
11/20/2020,118.64,118.77,117.29,117.34,73604287
11/23/2020,117.18,117.6202,113.75,113.85,127959318
11/24/2020,113.91,115.85,112.59,115.17,113226248
11/25/2020,115.55,116.75,115.17,116.03,76499234
11/27/2020,116.57,117.49,116.22,116.59,46691331
11/30/2020,116.97,120.97,116.81,119.05,169410176
12/1/2020,121.01,123.4693,120.01,122.72,125920963
12/2/2020,122.02,123.37,120.89,123.08,89004195
12/3/2020,123.52,123.78,122.21,122.94,78967630
12/4/2020,122.6,122.8608,121.52,122.25,78260421
12/7/2020,122.31,124.57,122.25,123.75,86711990
12/8/2020,124.37,124.98,123.09,124.38,82225512
12/9/2020,124.53,125.95,121,121.78,115089193
12/10/2020,120.5,123.87,120.15,123.24,81312170
12/11/2020,122.43,122.76,120.55,122.41,86939786
12/14/2020,122.6,123.35,121.54,121.78,79075988
12/15/2020,124.34,127.9,124.13,127.88,157572262
12/16/2020,127.41,128.37,126.56,127.81,98208591
12/17/2020,128.9,129.58,128.045,128.7,94359811
12/18/2020,128.96,129.1,126.12,126.655,192541496
12/21/2020,125.02,128.31,123.449,128.23,121251553
12/22/2020,131.61,134.405,129.65,131.88,169351825
12/23/2020,132.16,132.43,130.78,130.96,88223692
12/24/2020,131.32,133.46,131.1,131.97,54930064
12/28/2020,133.99,137.34,133.51,136.69,123124632
12/29/2020,138.05,138.789,134.3409,134.87,121047324
12/30/2020,135.58,135.99,133.4,133.72,96452124
12/31/2020,134.08,134.74,131.72,132.69,99116586
1/4/2021,133.52,133.6116,126.76,129.41,143301887
1/5/2021,128.89,131.74,128.43,131.01,97664898
1/6/2021,127.72,131.0499,126.382,126.6,155087970
1/7/2021,128.36,131.63,127.86,130.92,109578157
1/8/2021,132.43,132.63,130.23,132.05,105158245
1/11/2021,129.19,130.17,128.5,128.98,100620880
1/12/2021,128.5,129.69,126.86,128.8,90440255
1/13/2021,128.76,131.45,128.49,130.89,88636831
1/14/2021,130.8,131,128.76,128.91,90221755
1/15/2021,128.78,130.2242,127,127.14,111598531
1/19/2021,127.78,128.71,126.938,127.83,90757329
1/20/2021,128.66,132.49,128.55,132.03,104319489
1/21/2021,133.8,139.67,133.59,136.87,120529544
1/22/2021,136.28,139.85,135.02,139.07,114459360
1/25/2021,143.07,145.09,136.54,142.92,157611713
1/26/2021,143.6,144.3,141.37,143.16,98390555
1/27/2021,143.43,144.3,140.41,142.06,140843759
1/28/2021,139.52,141.99,136.7,137.09,142621128
1/29/2021,135.83,136.74,130.21,131.96,177523812
2/1/2021,133.75,135.38,130.93,134.14,106239823
2/2/2021,135.73,136.31,134.61,134.99,82266419
2/3/2021,135.76,135.77,133.61,133.94,89880937
2/4/2021,136.3,137.4,134.59,137.39,84183061
2/5/2021,137.35,137.42,135.86,136.76,75693830
2/8/2021,136.03,136.96,134.92,136.91,71297214
2/9/2021,136.62,137.877,135.85,136.01,75986989
2/10/2021,136.48,136.99,134.4,135.39,72647988
2/11/2021,135.9,136.39,133.77,135.13,64280029
2/12/2021,134.35,135.53,133.6921,135.37,60145130
2/16/2021,135.49,136.01,132.79,133.19,80576316
2/17/2021,131.25,132.22,129.47,130.84,97372199
2/18/2021,129.2,129.995,127.41,129.71,96856748
2/19/2021,130.24,130.71,128.8,129.87,87668834
2/22/2021,128.01,129.72,125.6,126,102886922
2/23/2021,123.76,126.71,118.39,125.86,158273022
2/24/2021,124.94,125.56,122.23,125.35,111039904
2/25/2021,124.68,126.4585,120.54,120.99,144766924
2/26/2021,122.59,124.85,121.2,121.26,163424672
3/1/2021,123.75,127.93,122.79,127.79,116307892
3/2/2021,128.41,128.72,125.01,125.12,102260945
3/3/2021,124.81,125.71,121.84,122.06,112966340
3/4/2021,121.75,123.6,118.62,120.13,178154975
3/5/2021,120.98,121.935,117.57,121.42,153766601
3/8/2021,120.93,121,116.21,116.36,154376610
3/9/2021,119.03,122.06,118.79,121.085,129525780
3/10/2021,121.69,122.17,119.45,119.98,111943326
3/11/2021,122.54,123.21,121.26,121.96,103026514
3/12/2021,120.4,121.17,119.16,121.03,88105050
3/15/2021,121.41,124,120.42,123.99,92590555
3/16/2021,125.7,127.22,124.715,125.57,115227936
3/17/2021,124.05,125.8599,122.336,124.76,111932636
3/18/2021,122.88,123.18,120.32,120.53,121469755
3/19/2021,119.9,121.43,119.675,119.99,185549522
3/22/2021,120.33,123.87,120.26,123.39,111912284
3/23/2021,123.33,124.24,122.14,122.54,95467142
3/24/2021,122.82,122.9,120.065,120.09,88530485
3/25/2021,119.54,121.66,119,120.59,98844681
3/26/2021,120.35,121.48,118.92,121.21,94071234
3/29/2021,121.65,122.58,120.7299,121.39,80819203
3/30/2021,120.11,120.4031,118.86,119.9,85671919
3/31/2021,121.65,123.52,121.15,122.15,118323826
4/1/2021,123.66,124.18,122.49,123,75089134
4/5/2021,123.87,126.1601,123.07,125.9,88651175
4/6/2021,126.5,127.13,125.65,126.21,80171253
4/7/2021,125.83,127.92,125.14,127.9,83466716
4/8/2021,128.95,130.39,128.52,130.36,88844591
4/9/2021,129.8,133.04,129.47,132.995,106686703
4/12/2021,132.52,132.85,130.63,131.24,91419983
4/13/2021,132.44,134.66,131.93,134.43,91266545
4/14/2021,134.94,135,131.655,132.03,87222782
4/15/2021,133.82,135,133.64,134.5,89347102
4/16/2021,134.3,134.67,133.28,134.16,84922386
4/19/2021,133.51,135.47,133.34,134.84,94264215
4/20/2021,135.02,135.53,131.81,133.11,94812349
4/21/2021,132.36,133.75,131.3001,133.5,68847136
4/22/2021,133.04,134.15,131.41,131.94,84566456
4/23/2021,132.16,135.12,132.16,134.32,78756779
4/26/2021,134.83,135.06,133.56,134.72,66905069
4/27/2021,135.01,135.41,134.11,134.39,66015804
4/28/2021,134.31,135.02,133.08,133.58,107760097
4/29/2021,136.47,137.07,132.45,133.48,151100953
4/30/2021,131.78,133.56,131.065,131.46,109839466
5/3/2021,132.04,134.07,131.83,132.54,75135100
5/4/2021,131.19,131.4899,126.7,127.85,137564718
5/5/2021,129.2,130.45,127.97,128.1,84000900
5/6/2021,127.89,129.75,127.13,129.74,78128334
5/7/2021,130.85,131.2582,129.475,130.21,78973273
5/10/2021,129.41,129.54,126.81,126.85,88071229
5/11/2021,123.5,126.27,122.77,125.91,126142826
5/12/2021,123.4,124.64,122.25,122.77,112172282
5/13/2021,124.58,126.15,124.26,124.97,105861339
5/14/2021,126.25,127.89,125.85,127.45,81917951
5/17/2021,126.82,126.93,125.17,126.27,74244624
5/18/2021,126.56,126.99,124.78,124.85,63342929
5/19/2021,123.16,124.915,122.86,124.69,92611989
5/20/2021,125.23,127.72,125.1,127.31,76857123
5/21/2021,127.82,128,125.21,125.43,79295436
5/24/2021,126.01,127.94,125.94,127.1,63092945
5/25/2021,127.82,128.32,126.32,126.9,72009482
5/26/2021,126.955,127.39,126.42,126.85,56575920
5/27/2021,126.44,127.64,125.08,125.28,94625601
5/28/2021,125.57,125.8,124.55,124.61,71311109
6/1/2021,125.08,125.35,123.94,124.28,67637118
6/2/2021,124.28,125.24,124.05,125.06,59278862
6/3/2021,124.68,124.85,123.13,123.54,76229170
6/4/2021,124.07,126.16,123.85,125.89,75169343
6/7/2021,126.17,126.32,124.8321,125.9,71057550
6/8/2021,126.6,128.46,126.2101,126.74,74403774
6/9/2021,127.21,127.75,126.52,127.13,56877937
6/10/2021,127.02,128.19,125.94,126.11,71186421
6/11/2021,126.53,127.44,126.1,127.35,53522373
6/14/2021,127.82,130.54,127.07,130.48,96906490
6/15/2021,129.94,130.6,129.39,129.64,62746332
6/16/2021,130.37,130.89,128.461,130.15,91339351
6/17/2021,129.8,132.55,129.65,131.79,96721669
6/18/2021,130.71,131.51,130.24,130.46,108953309
6/21/2021,130.3,132.41,129.21,132.3,79663316
6/22/2021,132.13,134.08,131.62,133.98,74783618
6/23/2021,133.77,134.32,133.23,133.7,60214200
6/24/2021,134.45,134.64,132.93,133.41,68710998
6/25/2021,133.46,133.89,132.81,133.11,70783746
6/28/2021,133.41,135.245,133.35,134.78,62111303
6/29/2021,134.8,136.49,134.35,136.33,64556081
6/30/2021,136.17,137.41,135.87,136.96,63261393
7/1/2021,136.6,137.33,135.76,137.27,52485781
7/2/2021,137.9,140,137.745,139.96,78945572
7/6/2021,140.07,143.15,140.07,142.02,108181793
7/7/2021,143.535,144.89,142.66,144.57,104911589
7/8/2021,141.58,144.06,140.665,143.24,105575458
7/9/2021,142.75,145.65,142.6522,145.11,99890800
7/12/2021,146.21,146.32,144,144.5,76299719
7/13/2021,144.03,147.46,143.63,145.64,100827099
7/14/2021,148.1,149.57,147.68,149.15,127050785
7/15/2021,149.24,150,147.09,148.48,106820297
7/16/2021,148.46,149.76,145.88,146.39,93251426
7/19/2021,143.75,144.07,141.67,142.45,121434571
7/20/2021,143.46,147.0997,142.96,146.15,96350036
7/21/2021,145.53,146.13,144.63,145.4,74993460
7/22/2021,145.935,148.195,145.81,146.8,77338156
7/23/2021,147.55,148.7177,146.92,148.56,71447416
7/26/2021,148.27,149.83,147.7,148.99,72434089
7/27/2021,149.12,149.21,145.55,146.77,104818578
7/28/2021,144.81,146.97,142.54,144.98,118931191
7/29/2021,144.685,146.55,144.58,145.64,54323047
7/30/2021,144.38,146.33,144.11,145.86,70440626
8/2/2021,146.36,146.95,145.25,145.52,62879961
8/3/2021,145.81,148.045,145.18,147.36,64786618
8/4/2021,147.27,147.79,146.28,146.95,56368271
8/5/2021,146.98,147.84,146.17,147.06,46397674
8/6/2021,146.35,147.11,145.63,146.14,54126813
8/9/2021,146.2,146.7,145.52,146.09,48908689
8/10/2021,146.44,147.71,145.3,145.6,69023081
8/11/2021,146.05,146.72,145.53,145.86,48493463
8/12/2021,146.19,149.05,145.84,148.89,73779113
8/13/2021,148.97,149.4444,148.27,149.1,58846293
8/16/2021,148.535,151.19,146.47,151.12,103558782
8/17/2021,150.23,151.68,149.09,150.19,92229735
8/18/2021,149.8,150.72,146.15,146.36,86325990
8/19/2021,145.03,148,144.5,146.7,86960310
8/20/2021,147.44,148.5,146.78,148.19,60549630
8/23/2021,148.31,150.19,147.89,149.71,60131810
8/24/2021,149.45,150.86,149.15,149.62,48606428
8/25/2021,149.81,150.32,147.8,148.36,58991297
8/26/2021,148.35,149.12,147.51,147.54,48597195
8/27/2021,147.48,148.75,146.83,148.6,55802388
8/30/2021,149,153.49,148.61,153.12,90956723
8/31/2021,152.66,152.8,151.29,151.83,86453117
9/1/2021,152.83,154.98,152.34,152.51,80313711
9/2/2021,153.87,154.72,152.4,153.65,71171317
9/3/2021,153.76,154.63,153.09,154.3,57866066
9/7/2021,154.97,157.26,154.39,156.69,82278261
9/8/2021,156.98,157.04,153.975,155.11,74420207
9/9/2021,155.49,156.11,153.95,154.07,57305730
9/10/2021,155,155.48,148.7,148.97,140893235
9/13/2021,150.63,151.42,148.75,149.55,102404329
9/14/2021,150.35,151.07,146.91,148.12,109296295
9/15/2021,148.56,149.44,146.37,149.03,83281315
9/16/2021,148.44,148.97,147.221,148.79,68034149
9/17/2021,148.82,148.82,145.76,146.06,129868824
9/20/2021,143.8,144.84,141.27,142.94,123478863
9/21/2021,143.93,144.6,142.78,143.43,75833962
9/22/2021,144.45,146.43,143.7001,145.85,76404341
9/23/2021,146.65,147.08,145.64,146.83,64838170
9/24/2021,145.66,147.4701,145.56,146.92,53477869
9/27/2021,145.47,145.96,143.82,145.37,74150729
9/28/2021,143.25,144.75,141.69,141.91,108972340
9/29/2021,142.47,144.45,142.03,142.83,74602044
9/30/2021,143.66,144.378,141.28,141.5,89056664
10/1/2021,141.9,142.92,139.1101,142.65,94639581
10/4/2021,141.76,142.21,138.27,139.14,98322008
10/5/2021,139.49,142.24,139.36,141.11,80861062
10/6/2021,139.47,142.15,138.37,142,83221119
10/7/2021,143.06,144.215,142.72,143.29,61732656
10/8/2021,144.03,144.1781,142.56,142.9,58773155
10/11/2021,142.27,144.81,141.81,142.81,64452219
10/12/2021,143.23,143.25,141.0401,141.51,73035859
10/13/2021,141.235,141.4,139.2,140.91,78762721
10/14/2021,142.11,143.88,141.51,143.76,69907100
10/15/2021,143.77,144.895,143.51,144.84,67940334
10/18/2021,143.445,146.84,143.16,146.55,85589175
10/19/2021,147.01,149.17,146.55,148.76,76378894
10/20/2021,148.7,149.7539,148.12,149.26,58418788
10/21/2021,148.81,149.64,147.87,149.48,61420990
10/22/2021,149.69,150.18,148.64,148.69,58883443
10/25/2021,148.68,149.37,147.6211,148.64,50720556
10/26/2021,149.33,150.84,149.0101,149.32,60893395
10/27/2021,149.36,149.73,148.49,148.85,56094929
10/28/2021,149.82,153.165,149.72,152.57,100077888
10/29/2021,147.215,149.94,146.4128,149.8,124953168
11/1/2021,148.985,149.7,147.8,148.96,73396551
11/2/2021,148.66,151.57,148.65,150.02,68922374
11/3/2021,150.39,151.97,149.82,151.49,54511534
11/4/2021,151.58,152.43,150.64,150.96,60394616
11/5/2021,151.89,152.2,150.06,151.28,65463883
11/8/2021,151.41,151.57,150.16,150.44,55020868
11/9/2021,150.2,151.428,150.0601,150.81,56573449
11/10/2021,150.02,150.13,147.85,147.92,65187092
11/11/2021,148.96,149.43,147.681,147.87,40999950
11/12/2021,148.43,150.4,147.48,149.99,63245197
11/15/2021,150.37,151.88,149.43,150,59222803
11/16/2021,149.94,151.488,149.34,151,59256210
11/17/2021,150.995,155,150.99,153.49,88807000
11/18/2021,153.71,158.67,153.05,157.87,137827673
11/19/2021,157.65,161.02,156.5328,160.55,117305597
11/22/2021,161.68,165.7,161,161.02,117467889
11/23/2021,161.12,161.8,159.0601,161.41,96041899
11/24/2021,160.75,162.14,159.64,161.94,69463623
11/26/2021,159.565,160.45,156.36,156.81,76959752
11/29/2021,159.37,161.19,158.7901,160.24,88748217
11/30/2021,159.985,165.52,159.92,165.3,174048056
12/1/2021,167.48,170.3,164.53,164.77,152423003
12/2/2021,158.735,164.2,157.8,163.76,136739174
12/3/2021,164.02,164.96,159.72,161.84,118023116
12/6/2021,164.29,167.8799,164.28,165.32,107496982
12/7/2021,169.08,171.58,168.34,171.18,120405352
12/8/2021,172.125,175.96,170.7,175.08,116998901
12/9/2021,174.91,176.75,173.92,174.56,108923739
12/10/2021,175.205,179.63,174.69,179.45,115402731
12/13/2021,181.115,182.13,175.53,175.74,153237019
12/14/2021,175.25,177.74,172.21,174.33,139380382
12/15/2021,175.11,179.5,172.3108,179.3,131063257
12/16/2021,179.28,181.14,170.75,172.26,150185843
12/17/2021,169.93,173.47,169.69,171.14,195923441
12/20/2021,168.28,170.58,167.46,169.75,107499114
12/21/2021,171.555,173.2,169.12,172.99,91185905
12/22/2021,173.04,175.86,172.15,175.64,92135303
12/23/2021,175.85,176.8499,175.27,176.28,68356567
12/27/2021,177.085,180.42,177.07,180.33,74919582
12/28/2021,180.16,181.33,178.53,179.29,79144339
12/29/2021,179.33,180.63,178.14,179.38,62348931
12/30/2021,179.47,180.57,178.09,178.2,59773014
12/31/2021,178.085,179.23,177.26,177.57,61661433
1/3/2022,177.83,182.88,177.71,182.01,104701220
1/4/2022,182.63,182.94,179.12,179.7,99310438
1/5/2022,179.61,180.17,174.64,174.92,94537602
1/6/2022,172.7,175.3,171.64,172,96903955
1/7/2022,172.89,174.14,171.03,172.17,86709147
1/10/2022,169.08,172.5,168.17,172.19,106765552
1/11/2022,172.32,175.18,170.82,175.08,75937685
1/12/2022,176.12,177.18,174.82,175.53,74805173
1/13/2022,175.78,176.62,171.79,172.19,84505760
1/14/2022,171.34,173.78,171.09,173.07,80440780
1/18/2022,171.51,172.54,169.405,169.8,90500236
1/19/2022,170,171.08,165.94,166.23,92914792
1/20/2022,166.98,169.68,164.18,164.51,91420515
1/21/2022,164.415,166.33,162.3,162.41,122848858
1/24/2022,160.02,162.3,154.7,161.62,162706686
1/25/2022,158.98,162.76,157.02,159.78,115798367
1/26/2022,163.5,164.3894,157.82,159.69,108275308
1/27/2022,162.45,163.84,158.28,159.22,121954638
1/28/2022,165.71,170.35,162.8,170.33,179935660
1/31/2022,170.16,175,169.51,174.78,115541590
2/1/2022,174.01,174.84,172.31,174.61,86213911
2/2/2022,174.745,175.88,173.33,175.84,84914256
2/3/2022,174.48,176.2399,172.12,172.9,89418074
2/4/2022,171.68,174.1,170.68,172.39,82465400
2/7/2022,172.86,173.9458,170.95,171.66,77251204
2/8/2022,171.73,175.35,171.43,174.83,74829217
2/9/2022,176.05,176.65,174.9,176.28,71285038
2/10/2022,174.14,175.48,171.55,172.12,90865899
2/11/2022,172.33,173.08,168.04,168.64,98670687
2/14/2022,167.37,169.58,166.56,168.88,86185530
2/15/2022,170.97,172.95,170.25,172.79,64286320
2/16/2022,171.85,173.34,170.05,172.55,61177398
2/17/2022,171.03,171.91,168.47,168.88,69589344
2/18/2022,169.82,170.5413,166.19,167.3,82772674
2/22/2022,164.98,166.69,162.15,164.32,90457637
2/23/2022,165.54,166.15,159.75,160.07,90009247
2/24/2022,152.58,162.85,152,162.74,141147540
2/25/2022,163.84,165.12,160.8738,164.85,91974222
2/28/2022,163.06,165.42,162.43,165.12,95056629
3/1/2022,164.695,166.6,161.97,163.2,83474425
3/2/2022,164.39,167.36,162.95,166.56,79724750
3/3/2022,168.47,168.91,165.55,166.23,76678441
3/4/2022,164.49,165.55,162.1,163.17,83819592
3/7/2022,163.36,165.02,159.04,159.3,96418845
3/8/2022,158.82,162.88,155.8,157.44,131148280
3/9/2022,161.475,163.41,159.41,162.95,91454905
3/10/2022,160.2,160.39,155.98,158.52,105342033
3/11/2022,158.93,159.28,154.5,154.73,96970102
3/14/2022,151.45,154.12,150.1,150.62,108732111
3/15/2022,150.9,155.57,150.38,155.09,92964302
3/16/2022,157.05,160,154.46,159.59,102300157
3/17/2022,158.61,161,157.63,160.62,75615376
3/18/2022,160.51,164.48,159.76,163.98,122055535
3/21/2022,163.51,166.35,163.015,165.38,89029269
3/22/2022,165.51,169.42,164.91,168.82,80979755
3/23/2022,167.99,172.64,167.65,170.21,98062674
3/24/2022,171.06,174.14,170.21,174.07,90131418
3/25/2022,173.88,175.28,172.75,174.72,80281664
3/28/2022,172.17,175.73,172,175.6,90371916
3/29/2022,176.69,179.01,176.34,178.96,100589440
3/30/2022,178.55,179.61,176.7,177.77,92633154
3/31/2022,177.84,178.03,174.4,174.61,103049285
4/1/2022,174.03,174.88,171.94,174.31,78751328
4/4/2022,174.57,178.49,174.44,178.44,76545983
4/5/2022,177.5,178.3,174.415,175.06,70902999
4/6/2022,172.36,173.63,170.13,171.83,89058782
4/7/2022,171.16,173.36,169.85,172.14,77594650
4/8/2022,171.78,171.78,169.2,170.09,76575508
4/11/2022,168.71,169.03,165.5,165.75,72246706
4/12/2022,168.02,169.87,166.64,167.66,79265181
4/13/2022,167.39,171.04,166.77,170.4,70618925
4/14/2022,170.62,171.27,165.04,165.29,75329376
4/18/2022,163.92,166.5984,163.57,165.07,69023941
4/19/2022,165.02,167.82,163.91,167.4,67723833
4/20/2022,168.76,168.88,166.1,167.23,67718110
4/21/2022,168.91,171.53,165.91,166.42,87227768
4/22/2022,166.46,167.8699,161.5,161.79,84882424
4/25/2022,161.12,163.17,158.46,162.88,96046376
4/26/2022,162.25,162.34,156.72,156.8,94008394
4/27/2022,155.91,159.79,155.38,156.57,88063191
4/28/2022,159.25,164.515,158.93,163.64,130216792
4/29/2022,161.84,166.2,157.25,157.65,131747571
5/2/2022,156.71,158.23,153.27,157.96,123055265
5/3/2022,158.15,160.71,156.32,159.48,88966526
5/4/2022,159.67,166.48,159.26,166.02,107521649
5/5/2022,163.85,164.08,154.95,156.77,130525275
5/6/2022,156.01,159.44,154.18,157.28,116124647
5/9/2022,154.925,155.83,151.49,152.06,131577921
5/10/2022,155.52,156.74,152.93,154.51,115366736
5/11/2022,153.5,155.45,145.81,146.5,142689825
5/12/2022,142.77,146.2,138.8,142.56,182602041
5/13/2022,144.59,148.105,143.11,147.11,113990852
5/16/2022,145.55,147.5199,144.18,145.54,86643781
5/17/2022,148.86,149.77,146.68,149.24,78336254
5/18/2022,146.85,147.3601,139.9,140.82,109742890
5/19/2022,139.88,141.66,136.6,137.35,136095640
5/20/2022,139.09,140.7,132.61,137.59,137426125
5/23/2022,137.79,143.26,137.65,143.11,117726265
5/24/2022,140.805,141.97,137.33,140.36,104132746
5/25/2022,138.43,141.785,138.34,140.52,92482696
5/26/2022,137.39,144.34,137.14,143.78,90601548
5/27/2022,145.39,149.68,145.26,149.64,90978503
5/31/2022,149.07,150.66,146.84,148.84,103718416
6/1/2022,149.9,151.74,147.68,148.71,74286635
6/2/2022,147.83,151.27,146.86,151.21,72348055
6/3/2022,146.9,147.97,144.46,145.38,88570289
6/6/2022,147.03,148.5689,144.9,146.14,71598380
6/7/2022,144.345,149,144.1,148.71,67808150
6/8/2022,148.58,149.8697,147.46,147.96,53950201
6/9/2022,147.08,147.95,142.53,142.64,69472976
6/10/2022,140.28,140.76,137.06,137.13,91566637
6/13/2022,132.87,135.2,131.44,131.88,122207099
6/14/2022,133.13,133.89,131.48,132.76,84784326
6/15/2022,134.29,137.34,132.16,135.43,91532972
6/16/2022,132.08,132.39,129.04,130.06,107961508
6/17/2022,130.065,133.079,129.81,131.56,134520290
6/21/2022,133.42,137.06,133.32,135.87,81000488
6/22/2022,134.79,137.76,133.91,135.35,73409234
6/23/2022,136.82,138.59,135.63,138.27,72433768
6/24/2022,139.9,141.91,139.77,141.66,89116837
6/27/2022,142.695,143.49,140.965,141.66,70207908
6/28/2022,142.13,143.422,137.325,137.44,67315328
6/29/2022,137.46,140.67,136.67,139.23,66242411
6/30/2022,137.25,138.37,133.7737,136.72,98964467
7/1/2022,136.04,139.04,135.66,138.93,71051552
7/5/2022,137.77,141.61,136.93,141.56,73429641
7/6/2022,141.355,144.12,141.08,142.92,74064254
7/7/2022,143.29,146.55,143.28,146.35,66253709
7/8/2022,145.265,147.55,145,147.04,64547798
7/11/2022,145.67,146.64,143.78,144.87,63305113
7/12/2022,145.76,148.45,145.05,145.86,77588759
7/13/2022,142.99,146.45,142.1201,145.49,71185560
7/14/2022,144.08,148.95,143.25,148.47,78140744
7/15/2022,149.78,150.86,148.2,150.17,76259931
7/18/2022,150.74,151.57,146.7,147.07,81420868
7/19/2022,147.92,151.23,146.91,151,82982367
7/20/2022,151.12,153.72,150.37,153.04,64823413
7/21/2022,154.5,155.57,151.94,155.35,65086636
7/22/2022,155.39,156.28,153.41,154.09,66675408
7/25/2022,154.01,155.04,152.28,152.95,53623945
7/26/2022,152.265,153.085,150.8,151.6,55138691
7/27/2022,152.58,157.33,152.16,156.79,78620688
7/28/2022,156.98,157.64,154.41,157.35,81378731
7/29/2022,161.24,163.63,159.5,162.51,101786860
8/1/2022,161.01,163.59,160.89,161.51,67829379
8/2/2022,160.1,162.41,159.63,160.01,59907025
8/3/2022,160.84,166.59,160.75,166.13,82507488
8/4/2022,166.005,167.19,164.43,165.81,55474144
8/5/2022,163.21,165.85,163,165.35,56696985
8/8/2022,166.37,167.81,164.2,164.87,60362338
8/9/2022,164.02,165.82,163.25,164.92,63135503
8/10/2022,167.68,169.34,166.9,169.24,70170540
8/11/2022,170.06,170.99,168.19,168.49,57149159
8/12/2022,169.82,172.17,169.4,172.1,68039382
8/15/2022,171.52,173.39,171.345,173.19,54091694
8/16/2022,172.78,173.71,171.6618,173.03,56377050
8/17/2022,172.77,176.15,172.57,174.55,79542037
8/18/2022,173.75,174.9,173.12,174.15,62290075
8/19/2022,173.03,173.74,171.3101,171.52,70346295
8/22/2022,169.69,169.86,167.135,167.57,69026809
8/23/2022,167.08,168.71,166.65,167.23,54147079
8/24/2022,167.32,168.11,166.245,167.53,53841524
8/25/2022,168.78,170.14,168.35,170.03,51218209
8/26/2022,170.57,171.05,163.56,163.62,78960980
8/29/2022,161.145,162.9,159.82,161.38,72724452
8/30/2022,162.13,162.56,157.72,158.91,77906197
8/31/2022,160.305,160.58,157.14,157.22,87991091
9/1/2022,156.64,158.42,154.67,157.96,74229896
9/2/2022,159.75,160.362,154.965,155.81,76957768
9/6/2022,156.47,157.09,153.69,154.53,73295539
9/7/2022,154.825,156.67,153.61,155.96,87449574
9/8/2022,154.64,156.36,152.68,154.46,84923847
9/9/2022,155.47,157.82,154.75,157.37,68081006
9/12/2022,159.59,164.26,159.3,163.43,104955962
9/13/2022,159.9,160.54,153.37,153.84,122656614
9/14/2022,154.785,157.1,153.6106,155.31,87965409
9/15/2022,154.65,155.24,151.38,152.37,90481110
9/16/2022,151.21,151.35,148.37,150.7,162278841
9/19/2022,149.31,154.56,149.1,154.48,81474246
9/20/2022,153.4,158.08,153.08,156.9,107689796
9/21/2022,157.34,158.74,153.6,153.72,101696790
9/22/2022,152.38,154.47,150.91,152.74,86264792
9/23/2022,151.19,151.47,148.56,150.43,96029909
9/26/2022,149.66,153.7701,149.64,150.77,93339409
9/27/2022,152.74,154.72,149.945,151.76,84442741
9/28/2022,147.64,150.6414,144.84,149.84,146691387
9/29/2022,146.1,146.72,140.68,142.48,128138237
9/30/2022,141.28,143.1,138,138.2,124925274
10/3/2022,138.21,143.07,137.685,142.45,114311663
10/4/2022,145.03,146.22,144.26,146.1,87830064
10/5/2022,144.075,147.38,143.01,146.4,79470968
10/6/2022,145.81,147.54,145.22,145.43,68402169
10/7/2022,142.54,143.1,139.445,140.09,85925559
10/10/2022,140.42,141.89,138.5729,140.42,74899002
10/11/2022,139.9,141.35,138.22,138.98,77033672
10/12/2022,139.13,140.36,138.16,138.34,70433744
10/13/2022,134.99,143.59,134.37,142.99,113223975
10/14/2022,144.31,144.52,138.19,138.38,88597969
10/17/2022,141.065,142.9,140.27,142.41,85250939
10/18/2022,145.49,146.7,140.61,143.75,99136610
10/19/2022,141.69,144.9492,141.5,143.86,61758340
10/20/2022,143.02,145.89,142.65,143.39,64521989
10/21/2022,142.87,147.8479,142.649,147.27,86548609
10/24/2022,147.185,150.23,146,149.45,75981918
10/25/2022,150.09,152.49,149.36,152.34,74732290
10/26/2022,150.96,151.99,148.04,149.35,88436172
10/27/2022,148.07,149.046,144.13,144.8,109180150
10/28/2022,148.2,157.5,147.82,155.74,164762371
10/31/2022,153.155,154.24,151.92,153.34,97943171
11/1/2022,155.08,155.45,149.13,150.65,80379345
11/2/2022,148.945,152.17,145,145.03,93604623
11/3/2022,142.06,142.8,138.75,138.88,97918516
11/4/2022,142.09,142.67,134.38,138.38,140814796
11/7/2022,137.11,139.145,135.671,138.92,83374628
11/8/2022,140.41,141.43,137.49,139.5,89908477
11/9/2022,138.5,138.55,134.5933,134.87,74917794
11/10/2022,141.24,146.87,139.5,146.87,118854028
11/11/2022,145.82,150.01,144.37,149.7,93979665
11/14/2022,148.97,150.28,147.43,148.28,73374114
11/15/2022,152.215,153.59,148.5613,150.04,89868332
11/16/2022,149.13,149.87,147.29,148.79,64218266
11/17/2022,146.43,151.48,146.15,150.72,80389400
11/18/2022,152.305,152.7,149.97,151.29,74829573
11/21/2022,150.16,150.37,147.715,148.01,58724070
11/22/2022,148.13,150.42,146.925,150.18,51804132
11/23/2022,149.45,151.83,149.34,151.07,58301395
11/25/2022,148.305,148.88,147.12,148.11,35195860
11/28/2022,145.14,146.64,143.38,144.22,69346522
11/29/2022,144.29,144.81,140.355,141.17,83763803
11/30/2022,141.395,148.72,140.55,148.03,111380880
12/1/2022,148.21,149.13,146.61,148.31,71250416
12/2/2022,145.96,148,145.65,147.81,65447446
12/5/2022,147.77,150.9199,145.77,146.63,68826442
12/6/2022,147.075,147.3,141.92,142.91,64727186
12/7/2022,142.19,143.37,140,140.94,69721094
12/8/2022,142.36,143.52,141.1,142.65,62128338
12/9/2022,142.34,145.57,140.9,142.16,76097011
12/12/2022,142.7,144.5,141.06,144.49,70462654
12/13/2022,149.5,149.9692,144.24,145.47,93886161
12/14/2022,145.35,146.655,141.16,143.21,82291182
12/15/2022,141.11,141.8,136.025,136.5,98931907
12/16/2022,136.685,137.65,133.73,134.51,160156900
12/19/2022,135.11,135.2,131.32,132.37,79592614
12/20/2022,131.39,133.25,129.89,132.3,77432819
12/21/2022,132.98,136.81,132.75,135.45,85927993
12/22/2022,134.352,134.56,130.3,132.23,77852108
12/23/2022,130.92,132.415,129.64,131.86,63814893
12/27/2022,131.38,131.41,128.72,130.03,69007830
12/28/2022,129.67,131.0275,125.87,126.04,85438391
12/29/2022,127.99,130.4814,127.73,129.61,75703710
12/30/2022,128.41,129.95,127.43,129.93,77034209
1/3/2023,130.28,130.9,124.17,125.07,112117471
1/4/2023,126.89,128.6557,125.08,126.36,89113633
1/5/2023,127.13,127.77,124.76,125.02,80962708
1/6/2023,126.01,130.29,124.89,129.62,87754715
1/9/2023,130.465,133.41,129.89,130.15,70790813
1/10/2023,130.26,131.2636,128.12,130.73,63896155
1/11/2023,131.25,133.51,130.46,133.49,69458949
1/12/2023,133.88,134.26,131.44,133.41,71379648
1/13/2023,132.03,134.92,131.66,134.76,57809719
1/17/2023,134.83,137.29,134.13,135.94,63646627
1/18/2023,136.815,138.61,135.03,135.21,69672800
1/19/2023,134.08,136.25,133.77,135.27,58280413
1/20/2023,135.28,138.02,134.22,137.87,80223626
1/23/2023,138.12,143.315,137.9,141.11,81760313
1/24/2023,140.305,143.16,140.3,142.53,66435142
1/25/2023,140.89,142.43,138.81,141.86,65799349
1/26/2023,143.17,144.25,141.9,143.96,54105068
1/27/2023,143.155,147.23,143.08,145.93,70555843
1/30/2023,144.955,145.55,142.85,143,64015274
1/31/2023,142.7,144.34,142.28,144.29,65874459
2/1/2023,143.97,146.61,141.32,145.43,77663633
2/2/2023,148.9,151.18,148.17,150.82,118338980
2/3/2023,148.03,157.38,147.83,154.5,154357337
2/6/2023,152.575,153.1,150.78,151.73,69858306
2/7/2023,150.64,155.23,150.64,154.65,83322551
2/8/2023,153.88,154.58,151.168,151.92,64120079
2/9/2023,153.775,154.33,150.42,150.87,56007143
2/10/2023,149.46,151.3401,149.22,151.01,57450708
2/13/2023,150.952,154.26,150.92,153.85,62199013
2/14/2023,152.12,153.77,150.86,153.2,61707573
2/15/2023,153.11,155.5,152.88,155.33,65669252
2/16/2023,153.51,156.33,153.3475,153.71,68167942
2/17/2023,152.35,153,150.85,152.55,59144118
2/21/2023,150.2,151.3,148.405,148.48,58867230
2/22/2023,148.87,149.95,147.16,148.91,51011305
2/23/2023,150.09,150.34,147.24,149.4,48394249
2/24/2023,147.11,147.19,145.7202,146.71,55469606
2/27/2023,147.71,149.17,147.45,147.92,44998470
2/28/2023,147.05,149.08,146.83,147.41,50546998
3/1/2023,146.83,147.2285,145.01,145.31,55478991
3/2/2023,144.38,146.71,143.9,145.91,52279761
3/3/2023,148.045,151.11,147.33,151.03,70732297
3/6/2023,153.785,156.3,153.46,153.83,87558028
3/7/2023,153.7,154.0299,151.13,151.6,56182028
3/8/2023,152.81,153.47,151.83,152.87,47204791
3/9/2023,153.559,154.535,150.225,150.59,53833582
3/10/2023,150.21,150.94,147.6096,148.5,68572400
3/13/2023,147.805,153.14,147.7,150.47,84457122
3/14/2023,151.28,153.4,150.1,152.59,73695893
3/15/2023,151.19,153.245,149.92,152.99,77167866
3/16/2023,152.16,156.46,151.64,155.85,76254419
3/17/2023,156.08,156.74,154.28,155,98944633
3/20/2023,155.07,157.82,154.15,157.4,73641415
3/21/2023,157.32,159.4,156.54,159.28,73938285
3/22/2023,159.3,162.14,157.81,157.83,75701811
3/23/2023,158.83,161.5501,157.68,158.93,67622060
3/24/2023,158.86,160.34,157.85,160.25,59256343
3/27/2023,159.94,160.77,157.87,158.28,52390266
3/28/2023,157.97,158.49,155.98,157.65,45992152
3/29/2023,159.37,161.05,159.35,160.77,51305691
3/30/2023,161.53,162.47,161.271,162.36,49501689
3/31/2023,162.44,165,161.91,164.9,68749792
4/3/2023,164.27,166.29,164.22,166.17,56976187
4/4/2023,166.595,166.84,165.11,165.63,46278295
4/5/2023,164.74,165.05,161.8,163.76,51511744
4/6/2023,162.43,164.9584,162,164.66,45390123
4/10/2023,161.42,162.03,160.08,162.03,47716882
4/11/2023,162.35,162.36,160.51,160.8,47644217
4/12/2023,161.22,162.06,159.78,160.1,50133062
4/13/2023,161.63,165.8,161.42,165.56,68445649
4/14/2023,164.59,166.32,163.82,165.21,49386480
4/17/2023,165.09,165.39,164.03,165.23,40713618
4/18/2023,166.1,167.41,165.65,166.47,49923008
4/19/2023,165.8,168.16,165.54,167.63,47720166
4/20/2023,166.09,167.87,165.56,166.65,52456377
4/21/2023,165.05,166.4521,164.49,165.02,58337341
4/24/2023,165,165.6,163.89,165.33,41949581
4/25/2023,165.19,166.305,163.73,163.77,48714063
4/26/2023,163.055,165.28,162.8,163.76,44105745
4/27/2023,165.19,168.56,165.19,168.41,64902329
4/28/2023,168.49,169.85,167.8801,169.68,55275851
5/1/2023,169.28,170.45,168.64,169.59,52472936
5/2/2023,170.09,170.35,167.54,168.54,48425696
5/3/2023,169.5,170.92,167.16,167.45,65136018
5/4/2023,164.89,167.04,164.31,165.79,81235427
5/5/2023,170.975,174.3,170.76,173.57,113453171
5/8/2023,172.48,173.85,172.11,173.5,55962793
5/9/2023,173.05,173.54,171.6,171.77,45326874
5/10/2023,173.02,174.03,171.9,173.555,53724501
5/11/2023,173.85,174.59,172.17,173.75,49514676
5/12/2023,173.62,174.06,171,172.57,45533138
5/15/2023,173.16,173.21,171.47,172.07,37266659
5/16/2023,171.99,173.1383,171.7991,172.07,42110293
5/17/2023,171.71,172.925,170.4201,172.69,57951604
5/18/2023,173,175.24,172.58,175.05,65496657
5/19/2023,176.39,176.39,174.94,175.16,55809475
5/22/2023,173.98,174.71,173.45,174.2,43570932
5/23/2023,173.13,173.3794,171.275,171.56,50747263
5/24/2023,171.09,172.4183,170.52,171.84,45143488
5/25/2023,172.41,173.895,171.69,172.99,56058258
5/26/2023,173.32,175.77,173.11,175.43,54834975
5/30/2023,176.96,178.99,176.57,177.3,55964401
5/31/2023,177.325,179.35,176.76,177.25,99313268
6/1/2023,177.7,180.12,176.9306,180.09,68901809
6/2/2023,181.03,181.78,179.26,180.95,61996913
6/5/2023,182.63,184.951,178.035,179.58,121946497
6/6/2023,179.965,180.12,177.43,179.21,64848374
6/7/2023,178.44,181.21,177.32,177.82,61944615
6/8/2023,177.895,180.84,177.46,180.57,50214881
6/9/2023,181.5,182.23,180.63,180.96,48899973
6/12/2023,181.27,183.89,180.97,183.79,54754995
6/13/2023,182.8,184.15,182.44,183.31,54929129
6/14/2023,183.37,184.39,182.02,183.95,57462882
6/15/2023,183.96,186.52,183.78,186.01,65433166
6/16/2023,186.73,186.99,184.27,184.92,101256225
6/20/2023,184.41,186.1,184.41,185.01,49799092
6/21/2023,184.9,185.41,182.5901,183.96,49515697
6/22/2023,183.74,187.045,183.67,187,51245327
6/23/2023,185.55,187.56,185.01,186.68,53116996
6/26/2023,186.83,188.05,185.23,185.27,48088661
6/27/2023,185.89,188.39,185.67,188.06,50730846
6/28/2023,187.93,189.9,187.6,189.25,51216801
6/29/2023,189.08,190.07,188.94,189.59,46347308
6/30/2023,191.63,194.48,191.26,193.97,85213216
7/3/2023,193.78,193.88,191.76,192.46,31458198
7/5/2023,191.565,192.98,190.62,191.33,46920261
7/6/2023,189.84,192.02,189.2,191.81,45156009
7/7/2023,191.41,192.67,190.24,190.68,46814998
7/10/2023,189.26,189.99,187.035,188.61,59922163
7/11/2023,189.16,189.3,186.6,188.08,46638119
7/12/2023,189.68,191.7,188.47,189.77,60750248
7/13/2023,190.5,191.19,189.78,190.54,41342338
7/14/2023,190.23,191.1799,189.63,190.69,41616242
7/17/2023,191.9,194.32,191.81,193.99,50520159
7/18/2023,193.35,194.33,192.415,193.73,48353774
7/19/2023,193.1,198.23,192.65,195.1,80507323
7/20/2023,195.09,196.47,192.495,193.13,59581196
7/21/2023,194.1,194.97,191.23,191.94,71951683
7/24/2023,193.41,194.91,192.25,192.75,45505097
7/25/2023,193.33,194.44,192.915,193.62,37283201
7/26/2023,193.67,195.64,193.32,194.5,47471868
7/27/2023,196.02,197.2,192.55,193.22,47460180
7/28/2023,194.67,196.626,194.14,195.83,48291443
7/31/2023,196.06,196.49,195.26,196.45,38824113
8/1/2023,196.235,196.73,195.28,195.605,35281426
8/2/2023,195.04,195.18,191.8507,192.58,50389327
8/3/2023,191.57,192.37,190.69,191.17,62243282
8/4/2023,185.52,187.38,181.92,181.99,115956841
8/7/2023,182.13,183.13,177.35,178.85,97576069
8/8/2023,179.69,180.27,177.58,179.8,67823003
8/9/2023,180.87,180.93,177.01,178.19,60378492
8/10/2023,179.48,180.75,177.6,177.97,54686851
8/11/2023,177.32,178.62,176.55,177.79,52036672
8/14/2023,177.97,179.69,177.305,179.46,43675627
8/15/2023,178.88,179.48,177.05,177.45,43622593
8/16/2023,177.13,178.54,176.5,176.57,46964857
8/17/2023,177.14,177.5054,173.48,174,66062882
8/18/2023,172.3,175.1,171.96,174.49,61172150
8/21/2023,175.07,176.13,173.735,175.84,46311879
8/22/2023,177.06,177.68,176.25,177.23,42084245
8/23/2023,178.52,181.55,178.325,181.12,52722752
8/24/2023,180.674,181.104,176.01,176.38,54945798
8/25/2023,177.38,179.15,175.82,178.61,51449594
8/28/2023,180.09,180.59,178.545,180.19,43820697
8/29/2023,179.695,184.9,179.5,184.12,53003948
8/30/2023,184.94,187.85,184.74,187.65,60813888
8/31/2023,187.84,189.12,187.48,187.87,60794467
9/1/2023,189.485,189.92,188.28,189.46,45766503
9/5/2023,188.28,189.98,187.61,189.7,45280027
9/6/2023,188.4,188.85,181.47,182.91,81755816
9/7/2023,175.18,178.21,173.54,177.56,112488803
9/8/2023,178.35,180.239,177.79,178.18,65602066
9/11/2023,180.07,180.3,177.34,179.36,58953052
9/12/2023,179.49,180.13,174.82,176.3,90370192
9/13/2023,176.51,177.3,173.98,174.21,84267928
9/14/2023,174,176.1,173.58,175.74,60895757
9/15/2023,176.48,176.495,173.82,175.01,109259461
9/18/2023,176.48,179.38,176.17,177.97,67257573
9/19/2023,177.52,179.63,177.13,179.07,51826941
9/20/2023,179.26,179.695,175.4,175.49,58436181
9/21/2023,174.55,176.3,173.86,173.93,63149116
9/22/2023,174.67,177.079,174.05,174.79,56725385
9/25/2023,174.2,176.97,174.15,176.08,46172740
9/26/2023,174.82,175.2,171.66,171.96,64588945
9/27/2023,172.62,173.04,169.05,170.43,66921808
9/28/2023,169.34,172.03,167.62,170.69,56294419
9/29/2023,172.02,173.07,170.341,171.21,51861083
10/2/2023,171.22,174.3,170.93,173.75,52164535
10/3/2023,172.255,173.63,170.82,172.4,49594613
10/4/2023,171.09,174.21,170.97,173.66,53020286
10/5/2023,173.79,175.45,172.68,174.91,48527918
10/6/2023,173.8,177.99,173.18,177.49,57266675
10/9/2023,176.81,179.05,175.8,178.99,42390772
10/10/2023,178.1,179.72,177.95,178.39,43698019
10/11/2023,178.2,179.85,177.6,179.8,47551098
10/12/2023,180.07,182.34,179.04,180.71,56743119
10/13/2023,181.42,181.93,178.14,178.85,51456082
10/16/2023,176.75,179.075,176.51,178.72,52516984
10/17/2023,176.645,178.42,174.8,177.15,57549350
10/18/2023,175.58,177.575,175.11,175.84,54764375
10/19/2023,176.04,177.84,175.19,175.46,59302863
10/20/2023,175.31,175.42,172.64,172.88,64244028
10/23/2023,170.91,174.01,169.93,173,55980109
10/24/2023,173.05,173.67,171.45,173.44,43816644
10/25/2023,171.88,173.06,170.65,171.1,57156962
10/26/2023,170.37,171.3775,165.67,166.89,70625258
10/27/2023,166.91,168.96,166.83,168.22,58499129
10/30/2023,169.02,171.17,168.87,170.29,51130955
10/31/2023,169.35,170.9,167.9,170.77,44846017
11/1/2023,171,174.23,170.12,173.97,56934906
11/2/2023,175.52,177.78,175.46,177.57,77334752
11/3/2023,174.24,176.82,173.35,176.65,79829246
11/6/2023,176.38,179.43,176.21,179.23,63841310
11/7/2023,179.18,182.44,178.97,181.82,70529966
11/8/2023,182.35,183.45,181.59,182.89,49340282
11/9/2023,182.96,184.12,181.81,182.41,53763540
11/10/2023,183.97,186.565,183.53,186.4,66177922
11/13/2023,185.82,186.03,184.21,184.8,43627519
11/14/2023,187.7,188.11,186.3,187.44,60108378
11/15/2023,187.845,189.5,187.78,188.01,53790499
11/16/2023,189.57,190.96,188.65,189.71,54412915
11/17/2023,190.25,190.38,188.57,189.69,50941404
11/20/2023,189.89,191.905,189.88,191.45,46538614
11/21/2023,191.41,191.52,189.74,190.64,38134485
11/22/2023,191.49,192.93,190.825,191.31,39630011
11/24/2023,190.87,190.9,189.25,189.97,24048344
11/27/2023,189.92,190.67,188.9,189.79,40552609
11/28/2023,189.78,191.08,189.4,190.4,38415419
11/29/2023,190.9,192.09,188.97,189.37,43014224
11/30/2023,189.84,190.32,188.19,189.95,48794366
12/1/2023,190.33,191.56,189.23,191.24,45704823
12/4/2023,189.98,190.05,187.4511,189.43,43389519
12/5/2023,190.21,194.4,190.18,193.42,66628398
12/6/2023,194.45,194.76,192.11,192.32,40895115
12/7/2023,193.63,195,193.59,194.27,47477655
12/8/2023,194.2,195.99,193.67,195.71,53406358
12/11/2023,193.11,193.49,191.42,193.18,60943699
12/12/2023,193.08,194.72,191.721,194.71,52696900
12/13/2023,195.09,198,194.85,197.96,70404183
12/14/2023,198.02,199.62,196.16,198.11,66831572
12/15/2023,197.53,198.3999,197,197.57,128538401
12/18/2023,196.09,196.63,194.39,195.89,55751861
12/19/2023,196.16,196.95,195.89,196.94,40233138
12/20/2023,196.9,197.68,194.83,194.83,52242815
12/21/2023,196.1,197.08,193.5,194.68,46482549
12/22/2023,195.18,195.41,192.97,193.6,37149570
12/26/2023,193.61,193.89,192.83,193.05,28919310
12/27/2023,192.49,193.5,191.09,193.15,47899806
12/28/2023,194.14,194.66,193.17,193.58,34049898
12/29/2023,193.9,194.4,191.725,192.53,42672148
1/2/2024,187.15,188.44,183.885,185.64,82488674
1/3/2024,184.22,185.88,183.43,184.25,58414460
1/4/2024,182.15,183.0872,180.88,181.91,71983570
1/5/2024,181.99,182.76,180.17,181.18,62196924
1/8/2024,182.085,185.6,181.5,185.56,59144470
1/9/2024,183.92,185.15,182.73,185.14,42841809
1/10/2024,184.35,186.4,183.92,186.19,46792908
1/11/2024,186.54,187.05,183.62,185.59,49128408
1/12/2024,186.06,186.74,185.19,185.92,40477782
1/16/2024,182.16,184.26,180.934,183.63,65603041
1/17/2024,181.27,182.93,180.3,182.68,47317433
1/18/2024,186.09,189.14,185.83,188.63,78005754
1/19/2024,189.33,191.95,188.82,191.56,68902985
1/22/2024,192.3,195.33,192.26,193.89,60133852
1/23/2024,195.02,195.75,193.8299,195.18,42355590
1/24/2024,195.42,196.38,194.34,194.5,53463269
1/25/2024,195.22,196.2675,193.1125,194.17,54822126
1/26/2024,194.27,194.76,191.94,192.42,44594011
1/29/2024,192.01,192.2,189.58,191.73,47145622
1/30/2024,190.94,191.8,187.47,188.04,55859370
1/31/2024,187.04,187.095,184.35,184.4,55467803
2/1/2024,183.985,186.95,183.82,186.86,64885408
2/2/2024,179.86,187.33,179.25,185.85,102551680
2/5/2024,188.15,189.25,185.84,187.68,69668820
2/6/2024,186.86,189.31,186.7695,189.3,43490759
2/7/2024,190.64,191.05,188.61,189.41,53438955
2/8/2024,189.385,189.535,187.35,188.32,40962046
2/9/2024,188.65,189.99,188,188.85,45155216
2/12/2024,188.415,188.67,186.79,187.15,41781934
2/13/2024,185.77,186.21,183.5128,185.04,56529529
2/14/2024,185.32,185.53,182.44,184.15,54630517
2/15/2024,183.55,184.49,181.35,183.86,65434496
2/16/2024,183.42,184.85,181.665,182.31,49752465
2/20/2024,181.79,182.43,180,181.56,53665553
2/21/2024,181.94,182.8888,180.66,182.32,41529674
2/22/2024,183.48,184.955,182.46,184.37,52292208
2/23/2024,185.01,185.04,182.23,182.52,45119677
2/26/2024,182.24,182.76,180.65,181.16,40867421
2/27/2024,181.1,183.9225,179.56,182.63,54318851
2/28/2024,182.51,183.12,180.13,181.42,48953939
2/29/2024,181.27,182.57,179.53,180.75,136682597
3/1/2024,179.55,180.53,177.38,179.66,73563082
3/4/2024,176.15,176.9,173.79,175.1,81510101
3/5/2024,170.76,172.04,169.62,170.12,95132355
3/6/2024,171.06,171.24,168.68,169.12,68587707
3/7/2024,169.15,170.73,168.49,169,71765061
3/8/2024,169,173.7,168.94,170.73,76267041
3/11/2024,172.94,174.38,172.05,172.75,58929918
3/12/2024,173.15,174.03,171.01,173.23,59544927
3/13/2024,172.77,173.185,170.76,171.13,51948951
3/14/2024,172.91,174.3078,172.05,173,72571635
3/15/2024,171.17,172.62,170.285,172.62,121752699
3/18/2024,175.57,177.71,173.52,173.72,75604184
3/19/2024,174.34,176.605,173.03,176.08,55215244
3/20/2024,175.72,178.67,175.09,178.67,53423102
3/21/2024,177.05,177.49,170.84,171.37,106181270
3/22/2024,171.76,173.05,170.06,172.28,71160138
3/25/2024,170.565,171.94,169.45,170.85,54288328
3/26/2024,170,171.42,169.58,169.71,57388449
3/27/2024,170.41,173.6,170.11,173.31,60273265
3/28/2024,171.75,172.23,170.51,171.48,65672690
4/1/2024,171.19,171.25,169.475,170.03,43772506
4/2/2024,169.08,169.34,168.2302,168.84,49013991
4/3/2024,168.79,170.68,168.58,169.65,45571129
4/4/2024,170.29,171.92,168.82,168.82,53355055
4/5/2024,169.59,170.39,168.95,169.58,41975776
4/8/2024,169.03,169.2,168.24,168.45,37216858
4/9/2024,168.7,170.08,168.35,169.67,42231444
4/10/2024,168.8,169.09,167.11,167.78,49709336
4/11/2024,168.34,175.46,168.16,175.04,91070275
4/12/2024,174.26,178.36,174.21,176.55,101670886
4/15/2024,175.36,176.63,172.5,172.69,73531773
4/16/2024,171.75,173.76,168.27,169.38,73711235
4/17/2024,169.61,170.65,168,168,50901210
4/18/2024,168.03,168.64,166.55,167.04,43122903
4/19/2024,166.21,166.4,164.075,165,68149377
4/22/2024,165.515,167.26,164.77,165.84,48116443
4/23/2024,165.35,167.05,164.92,166.9,49537761
4/24/2024,166.54,169.3,166.21,169.02,48251835
4/25/2024,169.525,170.61,168.1511,169.89,50558329
4/26/2024,169.88,171.34,169.18,169.3,44838354
4/29/2024,173.37,176.03,173.1,173.5,68169419
4/30/2024,173.33,174.99,170,170.33,65934776
5/1/2024,169.58,172.705,169.11,169.3,50383147
5/2/2024,172.51,173.415,170.89,173.03,94214915
5/3/2024,186.645,187,182.66,183.38,163224109
5/6/2024,182.354,184.2,180.42,181.71,78569667
5/7/2024,183.45,184.9,181.32,182.4,77305771
5/8/2024,182.85,183.07,181.45,182.74,45057087
5/9/2024,182.56,184.66,182.11,184.57,48982972
5/10/2024,184.9,185.09,182.13,183.05,50759496
5/13/2024,185.435,187.1,184.62,186.28,72044809
5/14/2024,187.51,188.3,186.29,187.43,52393619
5/15/2024,187.91,190.65,187.37,189.72,70399988
5/16/2024,190.47,191.095,189.6601,189.84,52845230
5/17/2024,189.51,190.81,189.18,189.87,41282925
5/20/2024,189.325,191.9199,189.01,191.04,44361275
5/21/2024,191.09,192.73,190.9201,192.35,42309401
5/22/2024,192.265,192.8231,190.27,190.9,34648547
5/23/2024,190.98,191,186.625,186.88,51005924
5/24/2024,188.82,190.58,188.0404,189.98,36326975
5/28/2024,191.51,193,189.1,189.99,52280051
5/29/2024,189.61,192.247,189.51,190.29,53068016
5/30/2024,190.76,192.18,190.63,191.29,49947941
5/31/2024,191.44,192.57,189.91,192.25,75158277
6/3/2024,192.9,194.99,192.52,194.03,50080539
6/4/2024,194.635,195.32,193.0342,194.35,47471445
6/5/2024,195.4,196.9,194.87,195.87,54156785
6/6/2024,195.685,196.5,194.17,194.48,41181753
6/7/2024,194.65,196.94,194.14,196.89,53103912
6/10/2024,196.9,197.3,192.15,193.12,97262077
6/11/2024,193.65,207.16,193.63,207.15,172373296
6/12/2024,207.37,220.2,206.9,213.07,198134293
6/13/2024,214.74,216.75,211.6,214.24,97862729
6/14/2024,213.85,215.17,211.3,212.49,70122748
6/17/2024,213.37,218.95,212.72,216.67,93728300
6/18/2024,217.59,218.63,213,214.29,79943254
6/20/2024,213.93,214.24,208.85,209.68,86172451
6/21/2024,210.39,211.89,207.11,207.49,246421353
6/24/2024,207.72,212.7,206.59,208.14,80727006
6/25/2024,209.15,211.38,208.61,209.07,56713868
6/26/2024,211.5,214.86,210.64,213.25,66213186
6/27/2024,214.69,215.7395,212.35,214.1,49772707
6/28/2024,215.77,216.07,210.3,210.62,82542718
7/1/2024,212.09,217.51,211.92,216.75,60402929
7/2/2024,216.15,220.38,215.1,220.27,58046178
7/3/2024,220,221.55,219.03,221.55,37369801
7/5/2024,221.65,226.45,221.65,226.34,60412408
7/8/2024,227.09,227.85,223.25,227.82,59085861
7/9/2024,227.93,229.4,226.3721,228.68,48169822
7/10/2024,229.3,233.08,229.25,232.98,62627687
7/11/2024,231.39,232.39,225.77,227.57,64710617
7/12/2024,228.92,232.64,228.68,230.54,53046527
7/15/2024,236.48,237.23,233.09,234.4,62631252
7/16/2024,235,236.27,232.33,234.82,43234278
7/17/2024,229.45,231.4599,226.64,228.88,57345884
7/18/2024,230.28,230.44,222.27,224.18,66034585
7/19/2024,224.82,226.8,223.275,224.31,49151453
7/22/2024,227.01,227.78,223.09,223.96,48201835
7/23/2024,224.365,226.94,222.68,225.01,39960260
7/24/2024,224,224.8,217.13,218.54,61777576
7/25/2024,218.93,220.85,214.62,217.49,51391199
7/26/2024,218.7,219.49,216.01,217.96,41601345
7/29/2024,216.96,219.3,215.75,218.24,36311778
7/30/2024,219.19,220.325,216.12,218.8,41643840
7/31/2024,221.44,223.82,220.63,222.08,50036262
8/1/2024,224.37,224.48,217.02,218.36,62500996
8/2/2024,219.15,225.6,217.71,219.86,105568560
8/5/2024,199.09,213.5,196,209.27,119548589
8/6/2024,205.3,209.99,201.07,207.23,69660488
8/7/2024,206.9,213.64,206.39,209.82,63516417
8/8/2024,213.11,214.2,208.83,213.31,47161149
8/9/2024,212.1,216.78,211.97,216.24,42201646
8/12/2024,216.07,219.5099,215.6,217.53,38028092
8/13/2024,219.01,221.89,219.01,221.27,44155331
8/14/2024,220.57,223.03,219.7,221.72,41960574
8/15/2024,224.6,225.35,222.76,224.72,46414013
8/16/2024,223.92,226.8271,223.6501,226.05,44340240
8/19/2024,225.72,225.99,223.04,225.89,40687813
8/20/2024,225.77,227.17,225.45,226.51,30299033
8/21/2024,226.52,227.98,225.05,226.4,34765480
8/22/2024,227.79,228.34,223.9,224.53,43695321
8/23/2024,225.6589,228.22,224.33,226.84,38677250
8/26/2024,226.76,227.28,223.8905,227.18,30602208
8/27/2024,225.995,228.85,224.89,228.03,35934559
8/28/2024,227.92,229.86,225.68,226.49,38052167
8/29/2024,230.1,232.92,228.88,229.79,51906297
8/30/2024,230.19,230.4,227.48,229,52990770
9/3/2024,228.55,229,221.17,222.77,50190574
9/4/2024,221.66,221.78,217.48,220.85,43262758
9/5/2024,221.625,225.48,221.52,222.38,36615398
9/6/2024,223.95,225.24,219.77,220.82,48423011
9/9/2024,220.82,221.27,216.71,220.91,67179965
9/10/2024,218.92,221.48,216.73,220.11,51591033
9/11/2024,221.455,223.09,217.89,222.66,44587072
9/12/2024,222.5,223.55,219.82,222.77,37498225
9/13/2024,223.58,224.04,221.91,222.5,36766619
9/16/2024,216.54,217.22,213.92,216.32,59357427
9/17/2024,215.75,216.9,214.5,216.79,45519339
9/18/2024,217.55,222.71,217.54,220.69,59894928
9/19/2024,224.99,229.82,224.63,228.87,66781315
9/20/2024,229.97,233.09,227.62,228.2,318679888
9/23/2024,227.34,229.45,225.81,226.47,54146023
9/24/2024,228.645,229.35,225.73,227.37,43556068
9/25/2024,224.93,227.29,224.02,226.37,42308715
9/26/2024,227.3,228.5,225.41,227.52,36636707
9/27/2024,228.46,229.52,227.3,227.79,34025967
9/30/2024,230.04,233,229.65,233,54793391
10/1/2024,229.52,229.65,223.74,226.21,63285048
10/2/2024,225.89,227.37,223.02,226.78,32880605
10/3/2024,225.14,226.805,223.32,225.67,34044158
10/4/2024,227.9,228,224.13,226.8,37345098
10/7/2024,224.5,225.69,221.33,221.69,39505354
10/8/2024,224.3,225.98,223.25,225.77,31855693
10/9/2024,225.23,229.75,224.83,229.54,33591091
10/10/2024,227.78,229.5,227.17,229.04,28183544
10/11/2024,229.3,229.41,227.34,227.55,31759188
10/14/2024,228.7,231.73,228.6,231.3,39882085
10/15/2024,233.61,237.49,232.37,233.85,64751367
10/16/2024,231.6,232.12,229.84,231.78,34082240
10/17/2024,233.43,233.85,230.52,232.15,32993810
10/18/2024,236.18,236.18,234.01,235,46431472
10/21/2024,234.45,236.85,234.45,236.48,36254470
10/22/2024,233.885,236.22,232.6,235.86,38846578
10/23/2024,234.08,235.144,227.76,230.76,52286979
10/24/2024,229.98,230.82,228.41,230.57,31109503
10/25/2024,229.74,233.22,229.57,231.41,38802304
10/28/2024,233.32,234.73,232.55,233.4,36087134
10/29/2024,233.1,234.325,232.32,233.67,35417247
10/30/2024,232.61,233.47,229.55,230.1,47070907
10/31/2024,229.34,229.83,225.37,225.91,64370086
11/1/2024,220.965,225.35,220.27,222.91,65276741
11/4/2024,220.99,222.79,219.71,222.01,44944468
11/5/2024,221.795,223.95,221.14,223.45,28111338
11/6/2024,222.61,226.065,221.19,222.72,54561121
11/7/2024,224.625,227.875,224.57,227.48,42137691
11/8/2024,227.17,228.66,226.405,226.96,38328824
11/11/2024,225,225.7,221.5,224.23,42005602
11/12/2024,224.55,225.59,223.355,224.23,40398299
11/13/2024,224.01,226.65,222.76,225.12,48566217
11/14/2024,225.02,228.87,225,228.22,44923941
11/15/2024,226.4,226.92,224.27,225,47923696
11/18/2024,225.25,229.74,225.17,228.02,44686020
11/19/2024,226.98,230.16,226.66,228.28,36211774
11/20/2024,228.06,229.93,225.89,229,35169566
11/21/2024,228.88,230.155,225.7103,228.52,42108327
11/22/2024,228.06,230.7199,228.06,229.87,38168252
11/25/2024,231.46,233.245,229.74,232.87,90152832
11/26/2024,233.33,235.57,233.33,235.06,45986189
11/27/2024,234.465,235.69,233.8101,234.93,33498439
11/29/2024,234.81,237.81,233.97,237.33,28481377
12/2/2024,237.27,240.79,237.16,239.59,48137103
12/3/2024,239.81,242.76,238.9,242.65,38861017
12/4/2024,242.87,244.11,241.25,243.01,44383935
12/5/2024,243.99,244.54,242.13,243.04,40033878
12/6/2024,242.905,244.63,242.08,242.84,36870619
12/9/2024,241.83,247.24,241.75,246.75,44649232
12/10/2024,246.89,248.21,245.34,247.77,36914806
12/11/2024,247.96,250.8,246.2601,246.49,45205814
12/12/2024,246.89,248.74,245.68,247.96,32777532
12/13/2024,247.815,249.2902,246.24,248.13,33155290
12/16/2024,247.99,251.38,247.65,251.04,51694753
12/17/2024,250.08,253.83,249.78,253.48,51356360
12/18/2024,252.16,254.28,247.74,248.05,56774101
12/19/2024,247.5,252,247.0949,249.79,60882264
12/20/2024,248.04,255,245.69,254.49,147495267
12/23/2024,254.77,255.65,253.45,255.27,40858774
12/24/2024,255.49,258.21,255.29,258.2,23234705
12/26/2024,258.19,260.1,257.63,259.02,27262983
12/27/2024,257.83,258.7,253.06,255.59,42355321
12/30/2024,252.23,253.5,250.75,252.2,35557542
12/31/2024,252.44,253.28,249.43,250.42,39480718
1/2/2025,248.93,249.1,241.8201,243.85,55740731
1/3/2025,243.36,244.18,241.89,243.36,40244114
1/6/2025,244.31,247.33,243.2,245,45045571
1/7/2025,242.98,245.55,241.35,242.21,40855960
1/8/2025,241.92,243.7123,240.05,242.7,37628940
1/10/2025,240.01,240.16,233,236.85,61710856
1/13/2025,233.53,234.67,229.72,234.4,49630725
1/14/2025,234.75,236.12,232.472,233.28,39435294
1/15/2025,234.635,238.96,234.43,237.87,39831969
1/16/2025,237.35,238.01,228.03,228.26,71759052
1/17/2025,232.115,232.29,228.48,229.98,68488301
1/21/2025,224,224.42,219.38,222.64,98070429
1/22/2025,219.79,224.12,219.79,223.83,64126500
1/23/2025,224.74,227.03,222.3,223.66,60234760
1/24/2025,224.78,225.63,221.41,222.78,54697907
1/27/2025,224.02,232.15,223.98,229.86,94863418
1/28/2025,230.85,240.19,230.81,238.26,75707569
1/29/2025,234.12,239.855,234.01,239.36,45486100
1/30/2025,238.665,240.79,237.21,237.59,55658279
1/31/2025,247.19,247.19,233.44,236,101075128
2/3/2025,229.99,231.83,225.7,228.01,73063301
2/4/2025,227.25,233.13,226.65,232.8,45067301
2/5/2025,228.53,232.67,228.27,232.47,39664989
2/6/2025,231.34,233.8,230.425,233.22,29808438
